idArrival;arrTrain;arrTime;arrSeq;jointArr;linkedDep;cat;idealDwell;maxDwell;remDBM;remTBM;
Arr1;Train1;d1 05:54:00;ArrSeq1;;;Cat1;00:05:00;00:40:00;860;09:10:00;
Arr2;Train2;d1 06:07:00;ArrSeq2;JointArr1;;Cat3;00:05:00;00:40:00;840;64:10:00;
Arr3;Train3;d1 06:07:00;ArrSeq2;JointArr1;;Cat3;00:05:00;00:40:00;250;48:20:00;
Arr4;Train4;d1 06:22:00;ArrSeq1;;;Cat1;00:05:00;00:40:00;300;09:30:00;
Arr5;Train5;d1 06:25:00;ArrSeq2;;;Cat3;00:05:00;00:40:00;150;42:30:00;
Arr6;Train6;d1 06:28:00;ArrSeq1;;;Cat1;00:05:00;00:40:00;110;34:10:00;
Arr7;Train7;d1 06:50:00;ArrSeq2;;;Cat3;00:05:00;00:40:00;870;40:50:00;
Arr8;Train8;d1 06:54:00;ArrSeq1;;;Cat1;00:05:00;00:40:00;700;12:40:00;
Arr9;Train9;d1 07:02:00;ArrSeq1;;;Cat1;00:05:00;00:40:00;360;07:00:00;
Arr10;Train10;d1 07:06:00;ArrSeq2;;;Cat3;00:05:00;00:40:00;100;06:20:00;
Arr11;Train11;d1 07:17:00;ArrSeq1;;;Cat1;00:05:00;00:40:00;870;30:00:00;
Arr12;Train12;d1 07:23:00;ArrSeq1;;;Cat1;00:05:00;00:40:00;380;21:10:00;
Arr13;Train13;d1 07:25:00;ArrSeq2;JointArr2;;Cat3;00:05:00;00:40:00;720;12:50:00;
Arr14;Train14;d1 07:25:00;ArrSeq2;JointArr2;;Cat3;00:05:00;00:40:00;510;08:40:00;
Arr15;Train15;d1 07:28:00;ArrSeq1;;;Cat1;00:05:00;00:40:00;450;31:00:00;
Arr16;Train16;d1 07:32:00;ArrSeq1;;;Cat1;00:05:00;00:40:00;810;24:20:00;
Arr17;Train17;d1 07:35:00;ArrSeq1;;;Cat5;00:05:00;00:40:00;780;49:20:00;
Arr18;Train18;d1 07:39:00;ArrSeq1;;;Cat2;00:05:00;00:40:00;130;38:10:00;
Arr19;Train19;d1 07:43:00;ArrSeq1;JointArr3;;Cat9;00:15:00;01:00:00;650;05:40:00;
Arr20;Train20;d1 07:43:00;ArrSeq1;JointArr3;;Cat9;00:15:00;01:00:00;2360;20:10:00;
Arr21;Train21;d1 07:47:00;ArrSeq1;;;Cat1;00:05:00;00:40:00;170;52:10:00;
Arr22;Train22;d1 07:54:00;ArrSeq1;;;Cat1;00:05:00;00:40:00;670;56:40:00;
Arr23;Train23;d1 07:55:00;ArrSeq2;;;Cat5;00:05:00;00:40:00;580;57:30:00;
Arr24;Train24;d1 08:00:00;ArrSeq2;JointArr4;;Cat3;00:05:00;00:40:00;860;64:10:00;
Arr25;Train25;d1 08:00:00;ArrSeq2;JointArr4;;Cat3;00:05:00;00:40:00;750;28:10:00;
Arr26;Train26;d1 08:08:00;ArrSeq1;;;Cat1;00:05:00;00:40:00;650;58:30:00;
Arr27;Train27;d1 08:17:00;ArrSeq1;;;Cat1;00:05:00;00:40:00;710;12:10:00;
Arr28;Train28;d1 08:20:00;ArrSeq2;;;Cat3;00:05:00;00:40:00;220;52:40:00;
Arr29;Train29;d1 08:21:00;ArrSeq1;JointArr5;;Cat2;00:05:00;00:40:00;960;34:10:00;
Arr30;Train30;d1 08:21:00;ArrSeq1;JointArr5;;Cat2;00:05:00;00:40:00;220;15:00:00;
Arr31;Train31;d1 08:21:00;ArrSeq1;;;Cat10;00:15:00;01:00:00;2570;15:40:00;
Arr32;Train32;d1 08:25:00;ArrSeq1;JointArr6;;Cat3;00:05:00;00:40:00;520;10:40:00;
Arr33;Train33;d1 08:25:00;ArrSeq1;JointArr6;;Cat3;00:05:00;00:40:00;790;63:50:00;
Arr34;Train34;d1 08:29:00;ArrSeq1;;;Cat1;00:05:00;00:40:00;860;16:00:00;
Arr35;Train35;d1 08:34:00;ArrSeq1;;;Cat1;00:05:00;00:40:00;430;20:20:00;
Arr36;Train36;d1 08:38:00;ArrSeq1;;;Cat4;00:05:00;00:40:00;590;47:30:00;
Arr37;Train37;d1 08:42:00;ArrSeq1;JointArr7;;Cat7;00:05:00;00:40:00;800;20:20:00;
Arr38;Train38;d1 08:42:00;ArrSeq1;JointArr7;;Cat7;00:05:00;00:40:00;440;05:40:00;
Arr39;Train39;d1 08:49:00;ArrSeq2;;;Cat3;00:05:00;00:40:00;650;51:20:00;
Arr40;Train40;d1 08:54:00;ArrSeq1;;;Cat1;00:05:00;00:40:00;370;30:20:00;
Arr41;Train41;d1 08:55:00;ArrSeq2;JointArr8;;Cat3;00:05:00;00:40:00;700;66:00:00;
Arr42;Train42;d1 08:55:00;ArrSeq2;JointArr8;;Cat3;00:05:00;00:40:00;220;24:30:00;
Arr43;Train43;d1 09:10:00;ArrSeq1;;;Cat6;00:05:00;00:40:00;640;06:40:00;
Arr44;Train44;d1 09:11:00;ArrSeq1;;;Cat1;00:05:00;00:40:00;900;22:50:00;
Arr45;Train45;d1 09:21:00;ArrSeq1;;;Cat2;00:05:00;00:40:00;500;63:10:00;
Arr46;Train46;d1 09:25:00;ArrSeq1;JointArr9;;Cat6;00:05:00;00:40:00;680;21:30:00;
Arr47;Train47;d1 09:25:00;ArrSeq1;JointArr9;;Cat6;00:05:00;00:40:00;690;56:00:00;
Arr48;Train48;d1 09:30:00;ArrSeq1;;;Cat1;00:05:00;00:40:00;140;32:30:00;
Arr49;Train49;d1 09:35:00;ArrSeq1;JointArr10;;Cat10;00:15:00;01:00:00;1360;42:10:00;
Arr50;Train50;d1 09:35:00;ArrSeq1;JointArr10;;Cat10;00:15:00;01:00:00;2560;12:50:00;
Arr51;Train51;d1 09:50:00;ArrSeq1;;;Cat11;00:15:00;01:00:00;2490;36:20:00;
Arr52;Train52;d1 09:50:00;ArrSeq1;;;Cat1;00:05:00;00:40:00;500;18:40:00;
Arr53;Train53;d1 09:54:00;ArrSeq1;JointArr11;;Cat1;00:05:00;00:40:00;300;60:30:00;
Arr54;Train54;d1 09:54:00;ArrSeq1;JointArr11;;Cat1;00:05:00;00:40:00;340;51:10:00;
Arr55;Train55;d1 10:16:00;ArrSeq1;;;Cat10;00:15:00;01:00:00;680;56:10:00;
Arr56;Train56;d1 10:25:00;ArrSeq1;JointArr12;;Cat10;00:15:00;01:00:00;1650;36:00:00;
Arr57;Train57;d1 10:25:00;ArrSeq1;JointArr12;;Cat10;00:15:00;01:00:00;1370;07:00:00;
Arr58;Train58;d1 10:28:00;ArrSeq2;JointArr13;;Cat3;00:05:00;00:40:00;810;05:50:00;
Arr59;Train59;d1 10:28:00;ArrSeq2;JointArr13;;Cat3;00:05:00;00:40:00;600;55:10:00;
Arr60;Train60;d1 11:21:00;ArrSeq1;;;Cat1;00:05:00;00:40:00;350;25:00:00;
Arr61;Train61;d1 11:24:00;ArrSeq1;JointArr14;;Cat10;00:15:00;01:00:00;860;50:30:00;
Arr62;Train62;d1 11:24:00;ArrSeq1;JointArr14;;Cat10;00:15:00;01:00:00;2280;50:40:00;
Arr63;Train63;d1 11:30:00;ArrSeq1;;;Cat1;00:05:00;00:40:00;870;01:20:00;
Arr64;Train64;d1 11:39:00;ArrSeq1;JointArr15;;Cat7;00:05:00;00:40:00;600;55:10:00;
Arr65;Train65;d1 11:39:00;ArrSeq1;JointArr15;;Cat7;00:05:00;00:40:00;880;36:40:00;
Arr66;Train66;d1 11:50:00;ArrSeq1;;;Cat1;00:05:00;00:40:00;340;40:00:00;
Arr67;Train67;d1 11:54:00;ArrSeq1;;;Cat1;00:05:00;00:40:00;870;59:00:00;
Arr68;Train68;d1 12:16:00;ArrSeq1;JointArr16;;Cat12;00:15:00;01:00:00;2050;49:50:00;
Arr69;Train69;d1 12:16:00;ArrSeq1;JointArr16;;Cat12;00:15:00;01:00:00;2610;31:30:00;
Arr70;Train70;d1 12:21:00;ArrSeq1;JointArr17;;Cat2;00:05:00;00:40:00;640;10:30:00;
Arr71;Train71;d1 12:21:00;ArrSeq1;JointArr17;;Cat2;00:05:00;00:40:00;320;23:20:00;
Arr72;Train72;d1 12:28:00;ArrSeq1;JointArr18;;Cat10;00:15:00;01:00:00;3060;16:50:00;
Arr73;Train73;d1 12:28:00;ArrSeq1;JointArr18;;Cat10;00:15:00;01:00:00;1360;64:00:00;
Arr74;Train74;d1 12:54:00;ArrSeq1;;;Cat1;00:05:00;00:40:00;810;22:10:00;
Arr75;Train75;d1 13:16:00;ArrSeq1;;;Cat10;00:15:00;01:00:00;1280;17:40:00;
Arr76;Train76;d1 13:16:00;ArrSeq1;;;Cat1;00:05:00;00:40:00;600;18:20:00;
Arr77;Train77;d1 13:21:00;ArrSeq1;;;Cat1;00:05:00;00:40:00;290;14:20:00;
Arr78;Train78;d1 13:28:00;ArrSeq1;JointArr19;;Cat10;00:15:00;01:00:00;1560;15:50:00;
Arr79;Train79;d1 13:28:00;ArrSeq1;JointArr19;;Cat10;00:15:00;01:00:00;1770;44:50:00;
Arr80;Train80;d1 13:30:00;ArrSeq1;;;Cat1;00:05:00;00:40:00;110;69:10:00;
Arr81;Train81;d1 13:35:00;ArrSeq1;JointArr20;;Cat9;00:15:00;01:00:00;1770;02:40:00;
Arr82;Train82;d1 13:35:00;ArrSeq1;JointArr20;;Cat9;00:15:00;01:00:00;1030;21:30:00;
Arr83;Train83;d1 13:48:00;ArrSeq1;;;Cat12;00:15:00;01:00:00;250;04:10:00;
Arr84;Train84;d1 13:49:00;ArrSeq2;JointArr21;;Cat3;00:05:00;00:40:00;920;22:20:00;
Arr85;Train85;d1 13:49:00;ArrSeq2;JointArr21;;Cat3;00:05:00;00:40:00;720;06:00:00;
Arr86;Train86;d1 13:50:00;ArrSeq1;;;Cat1;00:05:00;00:40:00;670;50:10:00;
Arr87;Train87;d1 13:54:00;ArrSeq1;;;Cat1;00:05:00;00:40:00;600;11:30:00;
Arr88;Train88;d1 14:12:00;ArrSeq1;;;Cat1;00:05:00;00:40:00;170;21:40:00;
Arr89;Train89;d1 14:18:00;ArrSeq1;;;Cat10;00:15:00;01:00:00;2150;23:10:00;
Arr90;Train90;d1 14:21:00;ArrSeq1;;;Cat1;00:05:00;00:40:00;540;22:00:00;
Arr91;Train91;d1 14:26:00;ArrSeq1;JointArr22;;Cat10;00:15:00;01:00:00;1470;24:30:00;
Arr92;Train92;d1 14:26:00;ArrSeq1;JointArr22;;Cat10;00:15:00;01:00:00;480;26:30:00;
Arr93;Train93;d1 14:28:00;ArrSeq2;JointArr23;;Cat3;00:05:00;00:40:00;680;56:20:00;
Arr94;Train94;d1 14:28:00;ArrSeq2;JointArr23;;Cat3;00:05:00;00:40:00;640;01:20:00;
Arr95;Train95;d1 14:32:00;ArrSeq1;;;Cat11;00:15:00;01:00:00;1680;10:30:00;
Arr96;Train96;d1 14:54:00;ArrSeq1;;;Cat1;00:05:00;00:40:00;160;07:30:00;
Arr97;Train97;d1 14:55:00;ArrSeq1;JointArr24;;Cat3;00:05:00;00:40:00;150;39:30:00;
Arr98;Train98;d1 14:55:00;ArrSeq1;JointArr24;;Cat3;00:05:00;00:40:00;840;46:00:00;
Arr99;Train99;d1 15:17:00;ArrSeq1;;;Cat1;00:05:00;00:40:00;820;11:20:00;
Arr100;Train100;d1 15:21:00;ArrSeq1;;;Cat1;00:05:00;00:40:00;420;18:10:00;
Arr101;Train101;d1 15:25:00;ArrSeq2;JointArr25;;Cat6;00:05:00;00:40:00;700;37:10:00;
Arr102;Train102;d1 15:25:00;ArrSeq2;JointArr25;;Cat6;00:05:00;00:40:00;870;49:20:00;
Arr103;Train103;d1 15:30:00;ArrSeq1;;;Cat1;00:05:00;00:40:00;480;41:10:00;
Arr104;Train104;d1 15:46:00;ArrSeq1;;;Cat10;00:15:00;01:00:00;2000;19:00:00;
Arr105;Train105;d1 15:54:00;ArrSeq1;;;Cat1;00:05:00;00:40:00;280;36:50:00;
Arr106;Train106;d1 15:54:00;ArrSeq1;;;Cat10;00:15:00;01:00:00;790;44:50:00;
Arr107;Train107;d1 15:56:00;ArrSeq1;;;Cat1;00:05:00;00:40:00;100;12:10:00;
Arr108;Train108;d1 16:12:00;ArrSeq1;JointArr26;;Cat1;00:05:00;00:40:00;160;44:10:00;
Arr109;Train109;d1 16:12:00;ArrSeq1;JointArr26;;Cat1;00:05:00;00:40:00;760;62:40:00;
Arr110;Train110;d1 16:21:00;ArrSeq1;;;Cat1;00:05:00;00:40:00;840;30:30:00;
Arr111;Train111;d1 16:25:00;ArrSeq2;;;Cat5;00:05:00;00:40:00;240;22:10:00;
Arr112;Train112;d1 16:54:00;ArrSeq2;JointArr27;;Cat3;00:05:00;00:40:00;210;64:50:00;
Arr113;Train113;d1 16:54:00;ArrSeq2;JointArr27;;Cat3;00:05:00;00:40:00;920;33:20:00;
Arr114;Train114;d1 16:54:00;ArrSeq1;;;Cat1;00:05:00;00:40:00;760;11:50:00;
Arr115;Train115;d1 17:09:00;ArrSeq1;;;Cat1;00:05:00;00:40:00;710;13:30:00;
Arr116;Train116;d1 17:17:00;ArrSeq1;;;Cat1;00:05:00;00:40:00;260;38:30:00;
Arr117;Train117;d1 17:18:00;ArrSeq1;;;Cat12;00:15:00;01:00:00;1350;14:30:00;
Arr118;Train118;d1 17:21:00;ArrSeq1;JointArr28;;Cat2;00:05:00;00:40:00;870;26:50:00;
Arr119;Train119;d1 17:21:00;ArrSeq1;JointArr28;;Cat2;00:05:00;00:40:00;790;61:20:00;
Arr120;Train120;d1 17:24:00;ArrSeq1;;;Cat10;00:15:00;01:00:00;990;37:40:00;
Arr121;Train121;d1 17:28:00;ArrSeq2;JointArr29;;Cat3;00:05:00;00:40:00;350;60:10:00;
Arr122;Train122;d1 17:28:00;ArrSeq2;JointArr29;;Cat3;00:05:00;00:40:00;760;22:00:00;
Arr123;Train123;d1 17:30:00;ArrSeq1;;;Cat1;00:05:00;00:40:00;870;67:30:00;
Arr124;Train124;d1 17:46:00;ArrSeq1;JointArr30;;Cat12;00:15:00;01:00:00;1380;06:50:00;
Arr125;Train125;d1 17:46:00;ArrSeq1;JointArr30;;Cat12;00:15:00;01:00:00;1630;51:00:00;
Arr126;Train126;d1 17:50:00;ArrSeq1;;;Cat10;00:15:00;01:00:00;1630;28:30:00;
Arr127;Train127;d1 17:50:00;ArrSeq2;;;Cat5;00:05:00;00:40:00;400;54:50:00;
Arr128;Train128;d1 17:54:00;ArrSeq1;;;Cat4;00:05:00;00:40:00;400;31:30:00;
Arr129;Train129;d1 17:54:00;ArrSeq1;;;Cat1;00:05:00;00:40:00;460;35:30:00;
Arr130;Train130;d1 17:55:00;ArrSeq2;;;Cat3;00:05:00;00:40:00;720;00:50:00;
Arr131;Train131;d1 18:03:00;ArrSeq1;;;Cat2;00:05:00;00:40:00;890;31:50:00;
Arr132;Train132;d1 18:12:00;ArrSeq1;;;Cat1;00:05:00;00:40:00;410;22:00:00;
Arr133;Train133;d1 18:17:00;ArrSeq1;;;Cat1;00:05:00;00:40:00;420;04:20:00;
Arr134;Train134;d1 18:19:00;ArrSeq2;JointArr31;;Cat3;00:05:00;00:40:00;740;04:00:00;
Arr135;Train135;d1 18:19:00;ArrSeq2;JointArr31;;Cat3;00:05:00;00:40:00;340;29:10:00;
Arr136;Train136;d1 18:21:00;ArrSeq1;;;Cat1;00:05:00;00:40:00;750;26:50:00;
Arr137;Train137;d1 18:24:00;ArrSeq1;JointArr32;;Cat10;00:15:00;01:00:00;1410;21:10:00;
Arr138;Train138;d1 18:24:00;ArrSeq1;JointArr32;;Cat10;00:15:00;01:00:00;2190;45:40:00;
Arr139;Train139;d1 18:28:00;ArrSeq2;JointArr33;;Cat6;00:05:00;00:40:00;180;17:30:00;
Arr140;Train140;d1 18:28:00;ArrSeq2;JointArr33;;Cat6;00:05:00;00:40:00;820;25:30:00;
Arr141;Train141;d1 18:28:00;ArrSeq1;;;Cat1;00:05:00;00:40:00;520;17:50:00;
Arr142;Train142;d1 18:40:00;ArrSeq1;;;Cat7;00:05:00;00:40:00;930;59:30:00;
Arr143;Train143;d1 18:49:00;ArrSeq2;JointArr34;;Cat3;00:05:00;00:40:00;400;19:40:00;
Arr144;Train144;d1 18:49:00;ArrSeq2;JointArr34;;Cat3;00:05:00;00:40:00;790;01:00:00;
Arr145;Train145;d1 18:54:00;ArrSeq1;;;Cat1;00:05:00;00:40:00;740;52:10:00;
Arr146;Train146;d1 18:55:00;ArrSeq2;JointArr35;;Cat3;00:05:00;00:40:00;490;15:10:00;
Arr147;Train147;d1 18:55:00;ArrSeq2;JointArr35;;Cat3;00:05:00;00:40:00;640;22:50:00;
Arr148;Train148;d1 19:12:00;ArrSeq1;;;Cat1;00:05:00;00:40:00;290;10:30:00;
Arr149;Train149;d1 19:17:00;ArrSeq1;;;Cat1;00:05:00;00:40:00;100;43:10:00;
Arr150;Train150;d1 19:17:00;ArrSeq1;;;Cat10;00:15:00;01:00:00;3140;11:40:00;
Arr151;Train151;d1 19:19:00;ArrSeq2;;;Cat3;00:05:00;00:40:00;440;48:20:00;
Arr152;Train152;d1 19:21:00;ArrSeq1;;;Cat1;00:05:00;00:40:00;820;31:50:00;
Arr153;Train153;d1 19:24:00;ArrSeq1;;;Cat10;00:15:00;01:00:00;2940;13:30:00;
Arr154;Train154;d1 19:28:00;ArrSeq1;;;Cat1;00:05:00;00:40:00;260;01:10:00;
Arr155;Train155;d1 19:46:00;ArrSeq1;;;Cat1;00:05:00;00:40:00;600;68:30:00;
Arr156;Train156;d1 19:49:00;ArrSeq2;JointArr36;;Cat6;00:05:00;00:40:00;770;55:10:00;
Arr157;Train157;d1 19:49:00;ArrSeq2;JointArr36;;Cat6;00:05:00;00:40:00;510;45:40:00;
Arr158;Train158;d1 19:50:00;ArrSeq1;;;Cat10;00:15:00;01:00:00;2870;19:40:00;
Arr159;Train159;d1 19:54:00;ArrSeq1;;;Cat1;00:05:00;00:40:00;470;39:40:00;
Arr160;Train160;d1 19:55:00;ArrSeq2;JointArr37;;Cat3;00:05:00;00:40:00;650;25:50:00;
Arr161;Train161;d1 19:55:00;ArrSeq2;JointArr37;;Cat3;00:05:00;00:40:00;240;18:30:00;
Arr162;Train162;d1 20:12:00;ArrSeq1;;;Cat1;00:05:00;00:40:00;490;50:10:00;
Arr163;Train163;d1 20:18:00;ArrSeq1;;;Cat1;00:05:00;00:40:00;450;67:30:00;
Arr164;Train164;d1 20:24:00;ArrSeq1;JointArr38;;Cat10;00:15:00;01:00:00;740;18:40:00;
Arr165;Train165;d1 20:24:00;ArrSeq1;JointArr38;;Cat10;00:15:00;01:00:00;3100;13:20:00;
Arr166;Train166;d1 20:25:00;ArrSeq2;JointArr39;;Cat3;00:05:00;00:40:00;160;64:20:00;
Arr167;Train167;d1 20:25:00;ArrSeq2;JointArr39;;Cat3;00:05:00;00:40:00;530;50:50:00;
Arr168;Train168;d1 20:28:00;ArrSeq1;;;Cat1;00:05:00;00:40:00;440;06:00:00;
Arr169;Train169;d1 20:30:00;ArrSeq1;;;Cat1;00:05:00;00:40:00;400;41:10:00;
Arr170;Train170;d1 20:46:00;ArrSeq1;JointArr40;;Cat12;00:15:00;01:00:00;860;07:40:00;
Arr171;Train171;d1 20:46:00;ArrSeq1;JointArr40;;Cat12;00:15:00;01:00:00;2880;45:10:00;
Arr172;Train172;d1 20:54:00;ArrSeq1;;;Cat1;00:05:00;00:40:00;130;12:30:00;
Arr173;Train173;d1 21:21:00;ArrSeq1;;;Cat2;00:05:00;10:39:00;120;16:10:00;
Arr174;Train174;d1 21:28:00;ArrSeq2;;;Cat5;00:05:00;10:32:00;240;63:40:00;
Arr175;Train175;d1 21:29:00;ArrSeq1;;;Cat10;00:15:00;10:31:00;1540;61:30:00;
Arr176;Train176;d1 21:32:00;ArrSeq2;JointArr41;;Cat3;00:05:00;10:28:00;610;41:40:00;
Arr177;Train177;d1 21:32:00;ArrSeq2;JointArr41;;Cat3;00:05:00;10:28:00;800;56:50:00;
Arr178;Train178;d1 21:42:00;ArrSeq1;;;Cat1;00:05:00;10:18:00;450;10:40:00;
Arr179;Train179;d1 21:46:00;ArrSeq1;;;Cat13;00:15:00;10:14:00;450;55:20:00;
Arr180;Train180;d1 21:54:00;ArrSeq1;;;Cat1;00:05:00;10:06:00;720;28:10:00;
Arr181;Train181;d1 22:16:00;ArrSeq1;;;Cat10;00:15:00;09:44:00;250;68:40:00;
Arr182;Train182;d1 22:27:00;ArrSeq2;JointArr42;;Cat6;00:05:00;09:33:00;470;26:50:00;
Arr183;Train183;d1 22:27:00;ArrSeq2;JointArr42;;Cat6;00:05:00;09:33:00;550;07:00:00;
Arr184;Train184;d1 22:50:00;ArrSeq1;;;Cat10;00:15:00;09:10:00;1320;37:00:00;
Arr185;Train185;d1 22:54:00;ArrSeq1;;;Cat1;00:05:00;09:06:00;950;46:10:00;
Arr186;Train186;d1 23:16:00;ArrSeq1;;;Cat10;00:15:00;08:44:00;2270;22:30:00;
Arr187;Train187;d1 23:38:00;ArrSeq1;JointArr43;;Cat10;00:15:00;08:22:00;2810;23:40:00;
Arr188;Train188;d1 23:38:00;ArrSeq1;JointArr43;;Cat10;00:15:00;08:22:00;250;21:50:00;
Arr189;Train189;d1 23:54:00;ArrSeq1;;;Cat1;00:05:00;08:06:00;530;36:30:00;
Arr190;Train190;d1 23:59:00;ArrSeq1;JointArr44;;Cat9;00:15:00;08:01:00;2420;30:10:00;
Arr191;Train191;d1 23:59:00;ArrSeq1;JointArr44;;Cat9;00:15:00;08:01:00;1660;51:50:00;
Arr192;Train192;d2 05:54:00;ArrSeq1;;;Cat1;00:05:00;00:40:00;940;28:40:00;
Arr193;Train193;d2 06:07:00;ArrSeq2;JointArr45;;Cat3;00:05:00;00:40:00;310;64:20:00;
Arr194;Train194;d2 06:07:00;ArrSeq2;JointArr45;;Cat3;00:05:00;00:40:00;140;48:50:00;
Arr195;Train195;d2 06:22:00;ArrSeq1;;;Cat1;00:05:00;00:40:00;130;13:50:00;
Arr196;Train196;d2 06:25:00;ArrSeq2;;;Cat3;00:05:00;00:40:00;400;66:50:00;
Arr197;Train197;d2 06:28:00;ArrSeq1;;;Cat1;00:05:00;00:40:00;790;28:30:00;
Arr198;Train198;d2 06:50:00;ArrSeq2;;;Cat3;00:05:00;00:40:00;580;66:40:00;
Arr199;Train199;d2 06:54:00;ArrSeq1;;;Cat1;00:05:00;00:40:00;760;67:40:00;
Arr200;Train200;d2 07:02:00;ArrSeq1;;;Cat1;00:05:00;00:40:00;620;24:20:00;
Arr201;Train201;d2 07:06:00;ArrSeq2;;;Cat3;00:05:00;00:40:00;670;37:30:00;
Arr202;Train202;d2 07:17:00;ArrSeq1;;;Cat1;00:05:00;00:40:00;220;14:30:00;
Arr203;Train203;d2 07:23:00;ArrSeq1;;;Cat1;00:05:00;00:40:00;760;27:20:00;
Arr204;Train204;d2 07:25:00;ArrSeq2;JointArr46;;Cat3;00:05:00;00:40:00;180;60:50:00;
Arr205;Train205;d2 07:25:00;ArrSeq2;JointArr46;;Cat3;00:05:00;00:40:00;180;43:10:00;
Arr206;Train206;d2 07:28:00;ArrSeq1;;;Cat1;00:05:00;00:40:00;500;24:30:00;
Arr207;Train207;d2 07:32:00;ArrSeq1;;;Cat1;00:05:00;00:40:00;830;52:20:00;
Arr208;Train208;d2 07:35:00;ArrSeq1;;;Cat5;00:05:00;00:40:00;460;21:00:00;
Arr209;Train209;d2 07:39:00;ArrSeq1;;;Cat2;00:05:00;00:40:00;710;41:10:00;
Arr210;Train210;d2 07:47:00;ArrSeq1;;;Cat1;00:05:00;00:40:00;650;16:40:00;
Arr211;Train211;d2 07:54:00;ArrSeq1;;;Cat1;00:05:00;00:40:00;420;35:00:00;
Arr212;Train212;d2 07:55:00;ArrSeq2;;;Cat5;00:05:00;00:40:00;630;15:40:00;
Arr213;Train213;d2 08:00:00;ArrSeq2;JointArr47;;Cat3;00:05:00;00:40:00;650;37:50:00;
Arr214;Train214;d2 08:00:00;ArrSeq2;JointArr47;;Cat3;00:05:00;00:40:00;790;64:40:00;
Arr215;Train215;d2 08:08:00;ArrSeq1;;;Cat1;00:05:00;00:40:00;670;47:10:00;
Arr216;Train216;d2 08:17:00;ArrSeq1;;;Cat1;00:05:00;00:40:00;140;43:40:00;
Arr217;Train217;d2 08:20:00;ArrSeq2;;;Cat3;00:05:00;00:40:00;910;14:10:00;
Arr218;Train218;d2 08:21:00;ArrSeq1;JointArr48;;Cat2;00:05:00;00:40:00;740;14:00:00;
Arr219;Train219;d2 08:21:00;ArrSeq1;JointArr48;;Cat2;00:05:00;00:40:00;620;01:20:00;
Arr220;Train220;d2 08:21:00;ArrSeq1;;;Cat10;00:15:00;01:00:00;990;13:20:00;
Arr221;Train221;d2 08:25:00;ArrSeq1;JointArr49;;Cat3;00:05:00;00:40:00;490;11:00:00;
Arr222;Train222;d2 08:25:00;ArrSeq1;JointArr49;;Cat3;00:05:00;00:40:00;310;35:30:00;
Arr223;Train223;d2 08:29:00;ArrSeq1;;;Cat1;00:05:00;00:40:00;280;16:20:00;
Arr224;Train224;d2 08:34:00;ArrSeq1;;;Cat1;00:05:00;00:40:00;220;09:10:00;
Arr225;Train225;d2 08:38:00;ArrSeq1;;;Cat4;00:05:00;00:40:00;700;59:10:00;
Arr226;Train226;d2 08:42:00;ArrSeq1;JointArr50;;Cat7;00:05:00;00:40:00;210;15:40:00;
Arr227;Train227;d2 08:42:00;ArrSeq1;JointArr50;;Cat7;00:05:00;00:40:00;680;36:40:00;
Arr228;Train228;d2 08:49:00;ArrSeq2;;;Cat3;00:05:00;00:40:00;460;35:50:00;
Arr229;Train229;d2 08:54:00;ArrSeq1;;;Cat1;00:05:00;00:40:00;610;57:10:00;
Arr230;Train230;d2 08:55:00;ArrSeq2;JointArr51;;Cat3;00:05:00;00:40:00;530;55:00:00;
Arr231;Train231;d2 08:55:00;ArrSeq2;JointArr51;;Cat3;00:05:00;00:40:00;610;55:30:00;
Arr232;Train232;d2 09:10:00;ArrSeq1;;;Cat6;00:05:00;00:40:00;580;41:30:00;
Arr233;Train233;d2 09:11:00;ArrSeq1;;;Cat1;00:05:00;00:40:00;700;07:00:00;
Arr234;Train234;d2 09:21:00;ArrSeq1;;;Cat2;00:05:00;00:40:00;550;32:00:00;
Arr235;Train235;d2 09:25:00;ArrSeq1;JointArr52;;Cat6;00:05:00;00:40:00;490;12:00:00;
Arr236;Train236;d2 09:25:00;ArrSeq1;JointArr52;;Cat6;00:05:00;00:40:00;800;68:40:00;
Arr237;Train237;d2 09:30:00;ArrSeq1;;;Cat1;00:05:00;00:40:00;780;66:30:00;
Arr238;Train238;d2 09:35:00;ArrSeq1;;;Cat10;00:15:00;01:00:00;2850;20:30:00;
Arr239;Train239;d2 09:50:00;ArrSeq1;;;Cat1;00:05:00;00:40:00;680;16:20:00;
Arr240;Train240;d2 09:50:00;ArrSeq1;;;Cat11;00:15:00;01:00:00;2180;33:10:00;
Arr241;Train241;d2 09:54:00;ArrSeq1;JointArr53;;Cat1;00:05:00;00:40:00;590;42:00:00;
Arr242;Train242;d2 09:54:00;ArrSeq1;JointArr53;;Cat1;00:05:00;00:40:00;520;23:00:00;
Arr243;Train243;d2 10:16:00;ArrSeq1;;;Cat10;00:15:00;01:00:00;2730;65:10:00;
Arr244;Train244;d2 10:25:00;ArrSeq1;;;Cat10;00:15:00;01:00:00;2050;15:30:00;
Arr245;Train245;d2 10:28:00;ArrSeq2;JointArr54;;Cat3;00:05:00;00:40:00;210;06:20:00;
Arr246;Train246;d2 10:28:00;ArrSeq2;JointArr54;;Cat3;00:05:00;00:40:00;330;13:30:00;
Arr247;Train247;d2 11:21:00;ArrSeq1;;;Cat1;00:05:00;00:40:00;520;42:00:00;
Arr248;Train248;d2 11:24:00;ArrSeq1;;;Cat10;00:15:00;01:00:00;1130;57:50:00;
Arr249;Train249;d2 11:30:00;ArrSeq1;;;Cat1;00:05:00;00:40:00;510;58:30:00;
Arr250;Train250;d2 11:39:00;ArrSeq1;JointArr55;;Cat7;00:05:00;00:40:00;570;57:30:00;
Arr251;Train251;d2 11:39:00;ArrSeq1;JointArr55;;Cat7;00:05:00;00:40:00;840;67:40:00;
Arr252;Train252;d2 11:50:00;ArrSeq1;;;Cat1;00:05:00;00:40:00;380;28:30:00;
Arr253;Train253;d2 11:54:00;ArrSeq1;;;Cat1;00:05:00;00:40:00;880;11:10:00;
Arr254;Train254;d2 12:16:00;ArrSeq1;JointArr56;;Cat12;00:15:00;01:00:00;3010;42:50:00;
Arr255;Train255;d2 12:16:00;ArrSeq1;JointArr56;;Cat12;00:15:00;01:00:00;2260;18:40:00;
Arr256;Train256;d2 12:21:00;ArrSeq1;;;Cat2;00:05:00;00:40:00;590;04:00:00;
Arr257;Train257;d2 12:28:00;ArrSeq1;JointArr57;;Cat10;00:15:00;01:00:00;340;46:10:00;
Arr258;Train258;d2 12:28:00;ArrSeq1;JointArr57;;Cat10;00:15:00;01:00:00;1020;60:30:00;
Arr259;Train259;d2 12:54:00;ArrSeq1;;;Cat1;00:05:00;00:40:00;880;12:10:00;
Arr260;Train260;d2 13:16:00;ArrSeq1;;;Cat1;00:05:00;00:40:00;420;42:00:00;
Arr261;Train261;d2 13:16:00;ArrSeq1;JointArr58;;Cat10;00:15:00;01:00:00;1480;48:00:00;
Arr262;Train262;d2 13:16:00;ArrSeq1;JointArr58;;Cat10;00:15:00;01:00:00;540;41:30:00;
Arr263;Train263;d2 13:21:00;ArrSeq1;;;Cat1;00:05:00;00:40:00;790;10:00:00;
Arr264;Train264;d2 13:28:00;ArrSeq1;;;Cat10;00:15:00;01:00:00;880;23:50:00;
Arr265;Train265;d2 13:30:00;ArrSeq1;;;Cat1;00:05:00;00:40:00;170;43:40:00;
Arr266;Train266;d2 13:48:00;ArrSeq1;;;Cat12;00:15:00;01:00:00;530;00:40:00;
Arr267;Train267;d2 13:49:00;ArrSeq2;JointArr59;;Cat3;00:05:00;00:40:00;180;46:10:00;
Arr268;Train268;d2 13:49:00;ArrSeq2;JointArr59;;Cat3;00:05:00;00:40:00;540;55:20:00;
Arr269;Train269;d2 13:50:00;ArrSeq1;;;Cat1;00:05:00;00:40:00;720;50:20:00;
Arr270;Train270;d2 13:54:00;ArrSeq1;;;Cat1;00:05:00;00:40:00;430;33:20:00;
Arr271;Train271;d2 14:12:00;ArrSeq1;;;Cat1;00:05:00;00:40:00;470;45:00:00;
Arr272;Train272;d2 14:18:00;ArrSeq1;;;Cat10;00:15:00;01:00:00;2250;45:20:00;
Arr273;Train273;d2 14:21:00;ArrSeq1;;;Cat1;00:05:00;00:40:00;700;69:20:00;
Arr274;Train274;d2 14:26:00;ArrSeq1;;;Cat10;00:15:00;01:00:00;3060;65:20:00;
Arr275;Train275;d2 14:28:00;ArrSeq2;JointArr60;;Cat3;00:05:00;00:40:00;590;54:00:00;
Arr276;Train276;d2 14:28:00;ArrSeq2;JointArr60;;Cat3;00:05:00;00:40:00;710;13:20:00;
Arr277;Train277;d2 14:32:00;ArrSeq1;;;Cat11;00:15:00;01:00:00;3040;62:50:00;
Arr278;Train278;d2 14:54:00;ArrSeq1;;;Cat1;00:05:00;00:40:00;440;53:00:00;
Arr279;Train279;d2 14:55:00;ArrSeq1;JointArr61;;Cat3;00:05:00;00:40:00;180;11:00:00;
Arr280;Train280;d2 14:55:00;ArrSeq1;JointArr61;;Cat3;00:05:00;00:40:00;580;31:30:00;
Arr281;Train281;d2 15:17:00;ArrSeq1;;;Cat1;00:05:00;00:40:00;770;00:20:00;
Arr282;Train282;d2 15:21:00;ArrSeq1;;;Cat1;00:05:00;00:40:00;230;62:30:00;
Arr283;Train283;d2 15:25:00;ArrSeq2;JointArr62;;Cat6;00:05:00;00:40:00;850;12:30:00;
Arr284;Train284;d2 15:25:00;ArrSeq2;JointArr62;;Cat6;00:05:00;00:40:00;400;42:10:00;
Arr285;Train285;d2 15:30:00;ArrSeq1;;;Cat1;00:05:00;00:40:00;420;19:40:00;
Arr286;Train286;d2 15:34:00;ArrSeq1;JointArr63;;Cat9;00:15:00;01:00:00;3000;36:20:00;
Arr287;Train287;d2 15:34:00;ArrSeq1;JointArr63;;Cat9;00:15:00;01:00:00;1850;50:40:00;
Arr288;Train288;d2 15:54:00;ArrSeq1;;;Cat10;00:15:00;01:00:00;570;48:10:00;
Arr289;Train289;d2 15:54:00;ArrSeq1;;;Cat1;00:05:00;00:40:00;670;05:00:00;
Arr290;Train290;d2 15:56:00;ArrSeq1;;;Cat1;00:05:00;00:40:00;310;68:40:00;
Arr291;Train291;d2 16:12:00;ArrSeq1;JointArr64;;Cat1;00:05:00;00:40:00;490;23:30:00;
Arr292;Train292;d2 16:12:00;ArrSeq1;JointArr64;;Cat1;00:05:00;00:40:00;690;37:40:00;
Arr293;Train293;d2 16:21:00;ArrSeq1;;;Cat1;00:05:00;00:40:00;370;25:00:00;
Arr294;Train294;d2 16:25:00;ArrSeq2;;;Cat5;00:05:00;00:40:00;320;43:40:00;
Arr295;Train295;d2 16:54:00;ArrSeq2;JointArr65;;Cat3;00:05:00;00:40:00;390;19:20:00;
Arr296;Train296;d2 16:54:00;ArrSeq2;JointArr65;;Cat3;00:05:00;00:40:00;660;57:10:00;
Arr297;Train297;d2 16:54:00;ArrSeq1;;;Cat1;00:05:00;00:40:00;740;38:40:00;
Arr298;Train298;d2 17:09:00;ArrSeq1;;;Cat1;00:05:00;00:40:00;210;57:30:00;
Arr299;Train299;d2 17:17:00;ArrSeq1;;;Cat1;00:05:00;00:40:00;130;44:20:00;
Arr300;Train300;d2 17:18:00;ArrSeq1;;;Cat12;00:15:00;01:00:00;1050;48:00:00;
Arr301;Train301;d2 17:21:00;ArrSeq1;JointArr66;;Cat2;00:05:00;00:40:00;930;25:40:00;
Arr302;Train302;d2 17:21:00;ArrSeq1;JointArr66;;Cat2;00:05:00;00:40:00;160;19:10:00;
Arr303;Train303;d2 17:24:00;ArrSeq1;;;Cat10;00:15:00;01:00:00;310;02:40:00;
Arr304;Train304;d2 17:28:00;ArrSeq2;JointArr67;;Cat3;00:05:00;00:40:00;810;24:00:00;
Arr305;Train305;d2 17:28:00;ArrSeq2;JointArr67;;Cat3;00:05:00;00:40:00;850;30:20:00;
Arr306;Train306;d2 17:30:00;ArrSeq1;;;Cat1;00:05:00;00:40:00;730;15:30:00;
Arr307;Train307;d2 17:46:00;ArrSeq1;JointArr68;;Cat12;00:15:00;01:00:00;2060;44:30:00;
Arr308;Train308;d2 17:46:00;ArrSeq1;JointArr68;;Cat12;00:15:00;01:00:00;2710;38:50:00;
Arr309;Train309;d2 17:50:00;ArrSeq2;;;Cat5;00:05:00;00:40:00;130;64:10:00;
Arr310;Train310;d2 17:50:00;ArrSeq1;;;Cat10;00:15:00;01:00:00;990;01:40:00;
Arr311;Train311;d2 17:54:00;ArrSeq1;;;Cat4;00:05:00;00:40:00;910;25:00:00;
Arr312;Train312;d2 17:54:00;ArrSeq1;;;Cat1;00:05:00;00:40:00;680;16:50:00;
Arr313;Train313;d2 17:55:00;ArrSeq2;;;Cat3;00:05:00;00:40:00;320;55:00:00;
Arr314;Train314;d2 18:03:00;ArrSeq1;;;Cat2;00:05:00;00:40:00;950;03:50:00;
Arr315;Train315;d2 18:12:00;ArrSeq1;;;Cat1;00:05:00;00:40:00;410;40:40:00;
Arr316;Train316;d2 18:17:00;ArrSeq1;;;Cat1;00:05:00;00:40:00;260;13:40:00;
Arr317;Train317;d2 18:19:00;ArrSeq2;JointArr69;;Cat3;00:05:00;00:40:00;230;44:10:00;
Arr318;Train318;d2 18:19:00;ArrSeq2;JointArr69;;Cat3;00:05:00;00:40:00;800;32:50:00;
Arr319;Train319;d2 18:21:00;ArrSeq1;;;Cat1;00:05:00;00:40:00;930;47:10:00;
Arr320;Train320;d2 18:24:00;ArrSeq1;JointArr70;;Cat10;00:15:00;01:00:00;1470;24:00:00;
Arr321;Train321;d2 18:24:00;ArrSeq1;JointArr70;;Cat10;00:15:00;01:00:00;1560;44:50:00;
Arr322;Train322;d2 18:28:00;ArrSeq2;JointArr71;;Cat6;00:05:00;00:40:00;190;44:10:00;
Arr323;Train323;d2 18:28:00;ArrSeq2;JointArr71;;Cat6;00:05:00;00:40:00;730;08:40:00;
Arr324;Train324;d2 18:28:00;ArrSeq1;;;Cat1;00:05:00;00:40:00;230;24:10:00;
Arr325;Train325;d2 18:40:00;ArrSeq1;;;Cat7;00:05:00;00:40:00;460;40:40:00;
Arr326;Train326;d2 18:49:00;ArrSeq2;JointArr72;;Cat3;00:05:00;00:40:00;840;38:40:00;
Arr327;Train327;d2 18:49:00;ArrSeq2;JointArr72;;Cat3;00:05:00;00:40:00;180;21:20:00;
Arr328;Train328;d2 18:54:00;ArrSeq1;;;Cat1;00:05:00;00:40:00;450;34:50:00;
Arr329;Train329;d2 18:55:00;ArrSeq2;JointArr73;;Cat3;00:05:00;00:40:00;430;04:10:00;
Arr330;Train330;d2 18:55:00;ArrSeq2;JointArr73;;Cat3;00:05:00;00:40:00;780;66:40:00;
Arr331;Train331;d2 19:12:00;ArrSeq1;;;Cat1;00:05:00;00:40:00;770;15:30:00;
Arr332;Train332;d2 19:17:00;ArrSeq1;;;Cat10;00:15:00;01:00:00;1840;36:10:00;
Arr333;Train333;d2 19:17:00;ArrSeq1;;;Cat1;00:05:00;00:40:00;210;03:50:00;
Arr334;Train334;d2 19:19:00;ArrSeq2;;;Cat3;00:05:00;00:40:00;550;53:40:00;
Arr335;Train335;d2 19:21:00;ArrSeq1;;;Cat1;00:05:00;00:40:00;120;04:40:00;
Arr336;Train336;d2 19:24:00;ArrSeq1;;;Cat10;00:15:00;01:00:00;1570;17:00:00;
Arr337;Train337;d2 19:28:00;ArrSeq1;;;Cat1;00:05:00;00:40:00;500;45:10:00;
Arr338;Train338;d2 19:46:00;ArrSeq1;;;Cat1;00:05:00;00:40:00;630;22:20:00;
Arr339;Train339;d2 19:49:00;ArrSeq2;JointArr74;;Cat6;00:05:00;00:40:00;730;27:50:00;
Arr340;Train340;d2 19:49:00;ArrSeq2;JointArr74;;Cat6;00:05:00;00:40:00;470;32:20:00;
Arr341;Train341;d2 19:50:00;ArrSeq1;;;Cat10;00:15:00;01:00:00;1660;19:00:00;
Arr342;Train342;d2 19:54:00;ArrSeq1;;;Cat1;00:05:00;00:40:00;100;37:40:00;
Arr343;Train343;d2 19:55:00;ArrSeq2;JointArr75;;Cat3;00:05:00;00:40:00;690;61:10:00;
Arr344;Train344;d2 19:55:00;ArrSeq2;JointArr75;;Cat3;00:05:00;00:40:00;820;53:40:00;
Arr345;Train345;d2 20:12:00;ArrSeq1;;;Cat1;00:05:00;00:40:00;520;56:00:00;
Arr346;Train346;d2 20:18:00;ArrSeq1;;;Cat1;00:05:00;00:40:00;320;52:30:00;
Arr347;Train347;d2 20:24:00;ArrSeq1;JointArr76;;Cat10;00:15:00;01:00:00;1060;05:00:00;
Arr348;Train348;d2 20:24:00;ArrSeq1;JointArr76;;Cat10;00:15:00;01:00:00;840;32:00:00;
Arr349;Train349;d2 20:25:00;ArrSeq2;JointArr77;;Cat3;00:05:00;00:40:00;840;69:20:00;
Arr350;Train350;d2 20:25:00;ArrSeq2;JointArr77;;Cat3;00:05:00;00:40:00;940;19:50:00;
Arr351;Train351;d2 20:28:00;ArrSeq1;;;Cat1;00:05:00;00:40:00;330;38:20:00;
Arr352;Train352;d2 20:30:00;ArrSeq1;;;Cat1;00:05:00;00:40:00;690;10:00:00;
Arr353;Train353;d2 20:46:00;ArrSeq1;JointArr78;;Cat12;00:15:00;01:00:00;2710;14:30:00;
Arr354;Train354;d2 20:46:00;ArrSeq1;JointArr78;;Cat12;00:15:00;01:00:00;1300;04:30:00;
Arr355;Train355;d2 20:54:00;ArrSeq1;;;Cat1;00:05:00;00:40:00;450;12:20:00;
Arr356;Train356;d2 21:21:00;ArrSeq1;;;Cat2;00:05:00;10:39:00;310;06:20:00;
Arr357;Train357;d2 21:28:00;ArrSeq2;;;Cat5;00:05:00;10:32:00;390;64:50:00;
Arr358;Train358;d2 21:29:00;ArrSeq1;;;Cat10;00:15:00;10:31:00;840;06:50:00;
Arr359;Train359;d2 21:32:00;ArrSeq2;;;Cat3;00:05:00;10:28:00;270;37:20:00;
Arr360;Train360;d2 21:42:00;ArrSeq1;;;Cat1;00:05:00;10:18:00;640;48:10:00;
Arr361;Train361;d2 21:46:00;ArrSeq1;;;Cat13;00:15:00;10:14:00;2980;06:00:00;
Arr362;Train362;d2 21:54:00;ArrSeq1;;;Cat1;00:05:00;10:06:00;820;46:50:00;
Arr363;Train363;d2 22:16:00;ArrSeq1;;;Cat10;00:15:00;09:44:00;2860;33:50:00;
Arr364;Train364;d2 22:27:00;ArrSeq2;JointArr79;;Cat6;00:05:00;09:33:00;120;41:20:00;
Arr365;Train365;d2 22:27:00;ArrSeq2;JointArr79;;Cat6;00:05:00;09:33:00;760;20:30:00;
Arr366;Train366;d2 22:35:00;ArrSeq1;JointArr80;;Cat9;00:15:00;09:25:00;1940;58:10:00;
Arr367;Train367;d2 22:35:00;ArrSeq1;JointArr80;;Cat9;00:15:00;09:25:00;1790;29:30:00;
Arr368;Train368;d2 22:50:00;ArrSeq1;;;Cat10;00:15:00;09:10:00;1810;44:30:00;
Arr369;Train369;d2 22:54:00;ArrSeq1;;;Cat1;00:05:00;09:06:00;940;40:00:00;
Arr370;Train370;d2 23:16:00;ArrSeq1;;;Cat10;00:15:00;08:44:00;1720;68:20:00;
Arr371;Train371;d2 23:38:00;ArrSeq1;;;Cat10;00:15:00;08:22:00;1900;24:00:00;
Arr372;Train372;d2 23:54:00;ArrSeq1;;;Cat1;00:05:00;08:06:00;700;63:50:00;
Arr373;Train373;d3 05:54:00;ArrSeq1;;;Cat1;00:05:00;00:40:00;120;08:00:00;
Arr374;Train374;d3 06:07:00;ArrSeq2;JointArr81;;Cat3;00:05:00;00:40:00;370;66:10:00;
Arr375;Train375;d3 06:07:00;ArrSeq2;JointArr81;;Cat3;00:05:00;00:40:00;740;21:30:00;
Arr376;Train376;d3 06:22:00;ArrSeq1;;;Cat1;00:05:00;00:40:00;360;44:50:00;
Arr377;Train377;d3 06:25:00;ArrSeq2;;;Cat3;00:05:00;00:40:00;710;01:00:00;
Arr378;Train378;d3 06:28:00;ArrSeq1;;;Cat1;00:05:00;00:40:00;950;55:40:00;
Arr379;Train379;d3 06:50:00;ArrSeq2;;;Cat3;00:05:00;00:40:00;490;38:50:00;
Arr380;Train380;d3 06:54:00;ArrSeq1;;;Cat1;00:05:00;00:40:00;690;57:10:00;
Arr381;Train381;d3 07:02:00;ArrSeq1;;;Cat1;00:05:00;00:40:00;940;49:40:00;
Arr382;Train382;d3 07:06:00;ArrSeq2;;;Cat3;00:05:00;00:40:00;780;27:20:00;
Arr383;Train383;d3 07:17:00;ArrSeq1;;;Cat1;00:05:00;00:40:00;490;00:50:00;
Arr384;Train384;d3 07:23:00;ArrSeq1;;;Cat1;00:05:00;00:40:00;160;04:20:00;
Arr385;Train385;d3 07:25:00;ArrSeq2;JointArr82;;Cat3;00:05:00;00:40:00;200;07:50:00;
Arr386;Train386;d3 07:25:00;ArrSeq2;JointArr82;;Cat3;00:05:00;00:40:00;760;51:00:00;
Arr387;Train387;d3 07:28:00;ArrSeq1;;;Cat1;00:05:00;00:40:00;390;03:40:00;
Arr388;Train388;d3 07:32:00;ArrSeq1;;;Cat1;00:05:00;00:40:00;440;05:00:00;
Arr389;Train389;d3 07:35:00;ArrSeq1;;;Cat5;00:05:00;00:40:00;820;06:30:00;
Arr390;Train390;d3 07:39:00;ArrSeq1;;;Cat2;00:05:00;00:40:00;490;55:40:00;
Arr391;Train391;d3 07:47:00;ArrSeq1;;;Cat1;00:05:00;00:40:00;790;18:20:00;
Arr392;Train392;d3 07:54:00;ArrSeq1;;;Cat1;00:05:00;00:40:00;460;42:00:00;
Arr393;Train393;d3 07:55:00;ArrSeq2;;;Cat5;00:05:00;00:40:00;180;39:00:00;
Arr394;Train394;d3 08:00:00;ArrSeq2;JointArr83;;Cat3;00:05:00;00:40:00;470;06:40:00;
Arr395;Train395;d3 08:00:00;ArrSeq2;JointArr83;;Cat3;00:05:00;00:40:00;170;67:20:00;
Arr396;Train396;d3 08:08:00;ArrSeq1;;;Cat1;00:05:00;00:40:00;540;31:20:00;
Arr397;Train397;d3 08:17:00;ArrSeq1;;;Cat1;00:05:00;00:40:00;220;09:00:00;
Arr398;Train398;d3 08:20:00;ArrSeq2;;;Cat3;00:05:00;00:40:00;690;68:40:00;
Arr399;Train399;d3 08:21:00;ArrSeq1;JointArr84;;Cat2;00:05:00;00:40:00;910;43:50:00;
Arr400;Train400;d3 08:21:00;ArrSeq1;JointArr84;;Cat2;00:05:00;00:40:00;410;23:40:00;
Arr401;Train401;d3 08:21:00;ArrSeq1;;;Cat10;00:15:00;01:00:00;1380;31:30:00;
Arr402;Train402;d3 08:25:00;ArrSeq1;JointArr85;;Cat3;00:05:00;00:40:00;890;60:50:00;
Arr403;Train403;d3 08:25:00;ArrSeq1;JointArr85;;Cat3;00:05:00;00:40:00;510;60:50:00;
Arr404;Train404;d3 08:29:00;ArrSeq1;;;Cat1;00:05:00;00:40:00;560;56:00:00;
Arr405;Train405;d3 08:34:00;ArrSeq1;;;Cat1;00:05:00;00:40:00;790;64:30:00;
Arr406;Train406;d3 08:38:00;ArrSeq1;;;Cat4;00:05:00;00:40:00;120;49:10:00;
Arr407;Train407;d3 08:42:00;ArrSeq1;JointArr86;;Cat7;00:05:00;00:40:00;480;27:20:00;
Arr408;Train408;d3 08:42:00;ArrSeq1;JointArr86;;Cat7;00:05:00;00:40:00;210;20:30:00;
Arr409;Train409;d3 08:49:00;ArrSeq2;;;Cat3;00:05:00;00:40:00;200;09:20:00;
Arr410;Train410;d3 08:54:00;ArrSeq1;;;Cat1;00:05:00;00:40:00;570;49:50:00;
Arr411;Train411;d3 08:55:00;ArrSeq2;JointArr87;;Cat3;00:05:00;00:40:00;890;30:30:00;
Arr412;Train412;d3 08:55:00;ArrSeq2;JointArr87;;Cat3;00:05:00;00:40:00;590;27:40:00;
Arr413;Train413;d3 09:10:00;ArrSeq1;;;Cat6;00:05:00;00:40:00;720;22:20:00;
Arr414;Train414;d3 09:11:00;ArrSeq1;;;Cat1;00:05:00;00:40:00;620;45:20:00;
Arr415;Train415;d3 09:21:00;ArrSeq1;;;Cat2;00:05:00;00:40:00;810;61:10:00;
Arr416;Train416;d3 09:25:00;ArrSeq1;JointArr88;;Cat6;00:05:00;00:40:00;580;07:20:00;
Arr417;Train417;d3 09:25:00;ArrSeq1;JointArr88;;Cat6;00:05:00;00:40:00;430;28:00:00;
Arr418;Train418;d3 09:30:00;ArrSeq1;;;Cat1;00:05:00;00:40:00;790;11:10:00;
Arr419;Train419;d3 09:35:00;ArrSeq1;;;Cat10;00:15:00;01:00:00;1780;54:10:00;
Arr420;Train420;d3 09:50:00;ArrSeq1;;;Cat1;00:05:00;00:40:00;830;23:20:00;
Arr421;Train421;d3 09:50:00;ArrSeq1;;;Cat11;00:15:00;01:00:00;2920;17:30:00;
Arr422;Train422;d3 09:54:00;ArrSeq1;JointArr89;;Cat1;00:05:00;00:40:00;600;69:00:00;
Arr423;Train423;d3 09:54:00;ArrSeq1;JointArr89;;Cat1;00:05:00;00:40:00;790;19:50:00;
Arr424;Train424;d3 10:16:00;ArrSeq1;;;Cat10;00:15:00;01:00:00;1980;31:50:00;
Arr425;Train425;d3 10:25:00;ArrSeq1;;;Cat10;00:15:00;01:00:00;450;44:40:00;
Arr426;Train426;d3 10:28:00;ArrSeq2;JointArr90;;Cat3;00:05:00;00:40:00;260;45:20:00;
Arr427;Train427;d3 10:28:00;ArrSeq2;JointArr90;;Cat3;00:05:00;00:40:00;500;35:30:00;
Arr428;Train428;d3 11:21:00;ArrSeq1;;;Cat1;00:05:00;00:40:00;110;26:40:00;
Arr429;Train429;d3 11:24:00;ArrSeq1;;;Cat10;00:15:00;01:00:00;2390;15:20:00;
Arr430;Train430;d3 11:30:00;ArrSeq1;;;Cat1;00:05:00;00:40:00;380;50:00:00;
Arr431;Train431;d3 11:39:00;ArrSeq1;JointArr91;;Cat7;00:05:00;00:40:00;710;68:40:00;
Arr432;Train432;d3 11:39:00;ArrSeq1;JointArr91;;Cat7;00:05:00;00:40:00;360;31:20:00;
Arr433;Train433;d3 11:50:00;ArrSeq1;;;Cat1;00:05:00;00:40:00;760;30:00:00;
Arr434;Train434;d3 11:54:00;ArrSeq1;;;Cat1;00:05:00;00:40:00;920;57:40:00;
Arr435;Train435;d3 12:16:00;ArrSeq1;JointArr92;;Cat12;00:15:00;01:00:00;640;52:20:00;
Arr436;Train436;d3 12:16:00;ArrSeq1;JointArr92;;Cat12;00:15:00;01:00:00;1360;33:00:00;
Arr437;Train437;d3 12:21:00;ArrSeq1;;;Cat2;00:05:00;00:40:00;880;42:50:00;
Arr438;Train438;d3 12:28:00;ArrSeq1;JointArr93;;Cat10;00:15:00;01:00:00;1810;02:00:00;
Arr439;Train439;d3 12:28:00;ArrSeq1;JointArr93;;Cat10;00:15:00;01:00:00;2850;39:10:00;
Arr440;Train440;d3 12:54:00;ArrSeq1;;;Cat1;00:05:00;00:40:00;280;68:30:00;
Arr441;Train441;d3 13:16:00;ArrSeq1;;;Cat1;00:05:00;00:40:00;380;28:30:00;
Arr442;Train442;d3 13:16:00;ArrSeq1;JointArr94;;Cat10;00:15:00;01:00:00;1990;55:20:00;
Arr443;Train443;d3 13:16:00;ArrSeq1;JointArr94;;Cat10;00:15:00;01:00:00;3080;59:00:00;
Arr444;Train444;d3 13:21:00;ArrSeq1;;;Cat1;00:05:00;00:40:00;570;59:10:00;
Arr445;Train445;d3 13:28:00;ArrSeq1;;;Cat10;00:15:00;01:00:00;2610;51:30:00;
Arr446;Train446;d3 13:30:00;ArrSeq1;;;Cat1;00:05:00;00:40:00;130;06:10:00;
Arr447;Train447;d3 13:48:00;ArrSeq1;;;Cat12;00:15:00;01:00:00;1230;03:50:00;
Arr448;Train448;d3 13:49:00;ArrSeq2;JointArr95;;Cat3;00:05:00;00:40:00;490;31:50:00;
Arr449;Train449;d3 13:49:00;ArrSeq2;JointArr95;;Cat3;00:05:00;00:40:00;960;37:10:00;
Arr450;Train450;d3 13:50:00;ArrSeq1;;;Cat1;00:05:00;00:40:00;200;59:40:00;
Arr451;Train451;d3 13:54:00;ArrSeq1;;;Cat1;00:05:00;00:40:00;870;03:10:00;
Arr452;Train452;d3 14:12:00;ArrSeq1;;;Cat1;00:05:00;00:40:00;890;69:30:00;
Arr453;Train453;d3 14:18:00;ArrSeq1;;;Cat10;00:15:00;01:00:00;2500;57:30:00;
Arr454;Train454;d3 14:21:00;ArrSeq1;;;Cat1;00:05:00;00:40:00;150;65:40:00;
Arr455;Train455;d3 14:26:00;ArrSeq1;;;Cat10;00:15:00;01:00:00;490;15:10:00;
Arr456;Train456;d3 14:28:00;ArrSeq2;JointArr96;;Cat3;00:05:00;00:40:00;470;11:30:00;
Arr457;Train457;d3 14:28:00;ArrSeq2;JointArr96;;Cat3;00:05:00;00:40:00;490;63:20:00;
Arr458;Train458;d3 14:32:00;ArrSeq1;;;Cat11;00:15:00;01:00:00;2720;15:50:00;
Arr459;Train459;d3 14:54:00;ArrSeq1;;;Cat1;00:05:00;00:40:00;610;36:10:00;
Arr460;Train460;d3 14:55:00;ArrSeq1;JointArr97;;Cat3;00:05:00;00:40:00;560;56:10:00;
Arr461;Train461;d3 14:55:00;ArrSeq1;JointArr97;;Cat3;00:05:00;00:40:00;110;64:30:00;
Arr462;Train462;d3 15:17:00;ArrSeq1;;;Cat1;00:05:00;00:40:00;430;15:00:00;
Arr463;Train463;d3 15:21:00;ArrSeq1;;;Cat1;00:05:00;00:40:00;810;31:00:00;
Arr464;Train464;d3 15:25:00;ArrSeq2;JointArr98;;Cat6;00:05:00;00:40:00;600;59:00:00;
Arr465;Train465;d3 15:25:00;ArrSeq2;JointArr98;;Cat6;00:05:00;00:40:00;170;62:20:00;
Arr466;Train466;d3 15:30:00;ArrSeq1;;;Cat1;00:05:00;00:40:00;320;44:10:00;
Arr467;Train467;d3 15:34:00;ArrSeq1;JointArr99;;Cat9;00:15:00;01:00:00;2890;09:50:00;
Arr468;Train468;d3 15:34:00;ArrSeq1;JointArr99;;Cat9;00:15:00;01:00:00;310;40:10:00;
Arr469;Train469;d3 15:54:00;ArrSeq1;;;Cat10;00:15:00;01:00:00;2710;35:50:00;
Arr470;Train470;d3 15:54:00;ArrSeq1;;;Cat1;00:05:00;00:40:00;500;13:40:00;
Arr471;Train471;d3 15:56:00;ArrSeq1;;;Cat1;00:05:00;00:40:00;890;67:20:00;
Arr472;Train472;d3 16:12:00;ArrSeq1;;;Cat1;00:05:00;00:40:00;960;46:40:00;
Arr473;Train473;d3 16:21:00;ArrSeq1;;;Cat1;00:05:00;00:40:00;470;26:40:00;
Arr474;Train474;d3 16:25:00;ArrSeq2;;;Cat5;00:05:00;00:40:00;390;43:00:00;
Arr475;Train475;d3 16:54:00;ArrSeq2;JointArr100;;Cat3;00:05:00;00:40:00;450;27:30:00;
Arr476;Train476;d3 16:54:00;ArrSeq2;JointArr100;;Cat3;00:05:00;00:40:00;450;08:30:00;
Arr477;Train477;d3 16:54:00;ArrSeq1;;;Cat1;00:05:00;00:40:00;750;20:10:00;
Arr478;Train478;d3 17:09:00;ArrSeq1;;;Cat1;00:05:00;00:40:00;330;62:30:00;
Arr479;Train479;d3 17:17:00;ArrSeq1;;;Cat1;00:05:00;00:40:00;290;18:40:00;
Arr480;Train480;d3 17:18:00;ArrSeq1;;;Cat12;00:15:00;01:00:00;3110;16:10:00;
Arr481;Train481;d3 17:21:00;ArrSeq1;JointArr101;;Cat2;00:05:00;00:40:00;780;40:00:00;
Arr482;Train482;d3 17:21:00;ArrSeq1;JointArr101;;Cat2;00:05:00;00:40:00;810;03:30:00;
Arr483;Train483;d3 17:24:00;ArrSeq1;;;Cat10;00:15:00;01:00:00;2210;47:50:00;
Arr484;Train484;d3 17:28:00;ArrSeq2;JointArr102;;Cat3;00:05:00;00:40:00;360;60:20:00;
Arr485;Train485;d3 17:28:00;ArrSeq2;JointArr102;;Cat3;00:05:00;00:40:00;790;49:20:00;
Arr486;Train486;d3 17:30:00;ArrSeq1;;;Cat1;00:05:00;00:40:00;470;07:50:00;
Arr487;Train487;d3 17:46:00;ArrSeq1;JointArr103;;Cat12;00:15:00;01:00:00;1440;10:30:00;
Arr488;Train488;d3 17:46:00;ArrSeq1;JointArr103;;Cat12;00:15:00;01:00:00;2110;48:10:00;
Arr489;Train489;d3 17:50:00;ArrSeq1;;;Cat10;00:15:00;01:00:00;2340;03:20:00;
Arr490;Train490;d3 17:50:00;ArrSeq2;;;Cat5;00:05:00;00:40:00;430;13:30:00;
Arr491;Train491;d3 17:54:00;ArrSeq1;;;Cat4;00:05:00;00:40:00;330;11:20:00;
Arr492;Train492;d3 17:54:00;ArrSeq1;;;Cat1;00:05:00;00:40:00;140;65:40:00;
Arr493;Train493;d3 17:55:00;ArrSeq2;;;Cat3;00:05:00;00:40:00;610;19:10:00;
Arr494;Train494;d3 18:03:00;ArrSeq1;;;Cat2;00:05:00;00:40:00;860;36:50:00;
Arr495;Train495;d3 18:12:00;ArrSeq1;;;Cat1;00:05:00;00:40:00;600;17:20:00;
Arr496;Train496;d3 18:17:00;ArrSeq1;;;Cat1;00:05:00;00:40:00;480;04:40:00;
Arr497;Train497;d3 18:19:00;ArrSeq2;JointArr104;;Cat3;00:05:00;00:40:00;180;31:50:00;
Arr498;Train498;d3 18:19:00;ArrSeq2;JointArr104;;Cat3;00:05:00;00:40:00;670;08:20:00;
Arr499;Train499;d3 18:21:00;ArrSeq1;;;Cat1;00:05:00;00:40:00;460;07:30:00;
Arr500;Train500;d3 18:24:00;ArrSeq1;JointArr105;;Cat10;00:15:00;01:00:00;2380;48:10:00;
Arr501;Train501;d3 18:24:00;ArrSeq1;JointArr105;;Cat10;00:15:00;01:00:00;1180;06:20:00;
Arr502;Train502;d3 18:28:00;ArrSeq1;;;Cat1;00:05:00;00:40:00;260;46:00:00;
Arr503;Train503;d3 18:28:00;ArrSeq2;JointArr106;;Cat6;00:05:00;00:40:00;350;47:20:00;
Arr504;Train504;d3 18:28:00;ArrSeq2;JointArr106;;Cat6;00:05:00;00:40:00;480;23:20:00;
Arr505;Train505;d3 18:40:00;ArrSeq1;;;Cat7;00:05:00;00:40:00;230;35:00:00;
Arr506;Train506;d3 18:49:00;ArrSeq2;JointArr107;;Cat3;00:05:00;00:40:00;870;13:10:00;
Arr507;Train507;d3 18:49:00;ArrSeq2;JointArr107;;Cat3;00:05:00;00:40:00;940;10:00:00;
Arr508;Train508;d3 18:54:00;ArrSeq1;;;Cat1;00:05:00;00:40:00;400;35:40:00;
Arr509;Train509;d3 18:55:00;ArrSeq2;JointArr108;;Cat3;00:05:00;00:40:00;590;15:20:00;
Arr510;Train510;d3 18:55:00;ArrSeq2;JointArr108;;Cat3;00:05:00;00:40:00;780;20:30:00;
Arr511;Train511;d3 19:12:00;ArrSeq1;;;Cat1;00:05:00;00:40:00;260;17:50:00;
Arr512;Train512;d3 19:17:00;ArrSeq1;;;Cat1;00:05:00;00:40:00;280;35:30:00;
Arr513;Train513;d3 19:17:00;ArrSeq1;;;Cat10;00:15:00;01:00:00;1300;20:30:00;
Arr514;Train514;d3 19:19:00;ArrSeq2;;;Cat3;00:05:00;00:40:00;400;00:30:00;
Arr515;Train515;d3 19:21:00;ArrSeq1;;;Cat1;00:05:00;00:40:00;630;11:30:00;
Arr516;Train516;d3 19:24:00;ArrSeq1;;;Cat10;00:15:00;01:00:00;390;04:10:00;
Arr517;Train517;d3 19:28:00;ArrSeq1;;;Cat1;00:05:00;00:40:00;320;62:30:00;
Arr518;Train518;d3 19:46:00;ArrSeq1;;;Cat1;00:05:00;00:40:00;410;52:00:00;
Arr519;Train519;d3 19:49:00;ArrSeq2;JointArr109;;Cat6;00:05:00;00:40:00;400;16:20:00;
Arr520;Train520;d3 19:49:00;ArrSeq2;JointArr109;;Cat6;00:05:00;00:40:00;780;31:40:00;
Arr521;Train521;d3 19:50:00;ArrSeq1;;;Cat10;00:15:00;01:00:00;1790;63:50:00;
Arr522;Train522;d3 19:54:00;ArrSeq1;;;Cat1;00:05:00;00:40:00;710;49:40:00;
Arr523;Train523;d3 19:55:00;ArrSeq2;JointArr110;;Cat3;00:05:00;00:40:00;870;69:00:00;
Arr524;Train524;d3 19:55:00;ArrSeq2;JointArr110;;Cat3;00:05:00;00:40:00;750;20:30:00;
Arr525;Train525;d3 20:12:00;ArrSeq1;;;Cat1;00:05:00;00:40:00;790;29:40:00;
Arr526;Train526;d3 20:18:00;ArrSeq1;;;Cat1;00:05:00;00:40:00;960;23:00:00;
Arr527;Train527;d3 20:24:00;ArrSeq1;JointArr111;;Cat10;00:15:00;01:00:00;1720;69:10:00;
Arr528;Train528;d3 20:24:00;ArrSeq1;JointArr111;;Cat10;00:15:00;01:00:00;2720;28:20:00;
Arr529;Train529;d3 20:25:00;ArrSeq2;JointArr112;;Cat3;00:05:00;00:40:00;240;04:50:00;
Arr530;Train530;d3 20:25:00;ArrSeq2;JointArr112;;Cat3;00:05:00;00:40:00;660;33:50:00;
Arr531;Train531;d3 20:28:00;ArrSeq1;;;Cat1;00:05:00;00:40:00;500;30:10:00;
Arr532;Train532;d3 20:30:00;ArrSeq1;;;Cat1;00:05:00;00:40:00;270;65:20:00;
Arr533;Train533;d3 20:46:00;ArrSeq1;JointArr113;;Cat12;00:15:00;01:00:00;1830;51:50:00;
Arr534;Train534;d3 20:46:00;ArrSeq1;JointArr113;;Cat12;00:15:00;01:00:00;460;52:00:00;
Arr535;Train535;d3 20:54:00;ArrSeq1;;;Cat1;00:05:00;00:40:00;290;40:10:00;
Arr536;Train536;d3 21:21:00;ArrSeq1;;;Cat2;00:05:00;10:39:00;330;07:40:00;
Arr537;Train537;d3 21:28:00;ArrSeq2;;;Cat5;00:05:00;10:32:00;170;11:20:00;
Arr538;Train538;d3 21:29:00;ArrSeq1;;;Cat10;00:15:00;10:31:00;1330;31:50:00;
Arr539;Train539;d3 21:32:00;ArrSeq2;JointArr114;;Cat3;00:05:00;10:28:00;120;34:50:00;
Arr540;Train540;d3 21:32:00;ArrSeq2;JointArr114;;Cat3;00:05:00;10:28:00;620;16:30:00;
Arr541;Train541;d3 21:42:00;ArrSeq1;;;Cat1;00:05:00;10:18:00;850;31:10:00;
Arr542;Train542;d3 21:46:00;ArrSeq1;;;Cat13;00:15:00;10:14:00;750;61:00:00;
Arr543;Train543;d3 21:54:00;ArrSeq1;;;Cat1;00:05:00;10:06:00;880;04:10:00;
Arr544;Train544;d3 22:16:00;ArrSeq1;;;Cat10;00:15:00;09:44:00;610;25:10:00;
Arr545;Train545;d3 22:27:00;ArrSeq2;JointArr115;;Cat6;00:05:00;09:33:00;920;08:50:00;
Arr546;Train546;d3 22:27:00;ArrSeq2;JointArr115;;Cat6;00:05:00;09:33:00;920;50:40:00;
Arr547;Train547;d3 22:35:00;ArrSeq1;JointArr116;;Cat9;00:15:00;09:25:00;1030;28:00:00;
Arr548;Train548;d3 22:35:00;ArrSeq1;JointArr116;;Cat9;00:15:00;09:25:00;330;38:30:00;
Arr549;Train549;d3 22:50:00;ArrSeq1;;;Cat10;00:15:00;09:10:00;2320;59:50:00;
Arr550;Train550;d3 22:54:00;ArrSeq1;;;Cat1;00:05:00;09:06:00;680;52:40:00;
Arr551;Train551;d3 23:16:00;ArrSeq1;;;Cat10;00:15:00;08:44:00;1030;52:20:00;
Arr552;Train552;d3 23:38:00;ArrSeq1;;;Cat10;00:15:00;08:22:00;890;35:50:00;
Arr553;Train553;d3 23:54:00;ArrSeq1;;;Cat1;00:05:00;08:06:00;470;21:00:00;
Arr554;Train554;d4 05:54:00;ArrSeq1;;;Cat1;00:05:00;00:40:00;430;07:10:00;
Arr555;Train555;d4 06:07:00;ArrSeq2;JointArr117;;Cat3;00:05:00;00:40:00;800;32:30:00;
Arr556;Train556;d4 06:07:00;ArrSeq2;JointArr117;;Cat3;00:05:00;00:40:00;790;06:00:00;
Arr557;Train557;d4 06:22:00;ArrSeq1;;;Cat1;00:05:00;00:40:00;830;60:40:00;
Arr558;Train558;d4 06:25:00;ArrSeq2;;;Cat3;00:05:00;00:40:00;470;17:00:00;
Arr559;Train559;d4 06:28:00;ArrSeq1;;;Cat1;00:05:00;00:40:00;300;44:20:00;
Arr560;Train560;d4 06:50:00;ArrSeq2;;;Cat3;00:05:00;00:40:00;330;29:00:00;
Arr561;Train561;d4 06:54:00;ArrSeq1;;;Cat1;00:05:00;00:40:00;840;54:10:00;
Arr562;Train562;d4 07:02:00;ArrSeq1;;;Cat1;00:05:00;00:40:00;700;33:10:00;
Arr563;Train563;d4 07:06:00;ArrSeq2;;;Cat3;00:05:00;00:40:00;240;61:50:00;
Arr564;Train564;d4 07:17:00;ArrSeq1;;;Cat1;00:05:00;00:40:00;760;32:00:00;
Arr565;Train565;d4 07:23:00;ArrSeq1;;;Cat1;00:05:00;00:40:00;110;01:30:00;
Arr566;Train566;d4 07:25:00;ArrSeq2;JointArr118;;Cat3;00:05:00;00:40:00;530;64:40:00;
Arr567;Train567;d4 07:25:00;ArrSeq2;JointArr118;;Cat3;00:05:00;00:40:00;490;35:40:00;
Arr568;Train568;d4 07:28:00;ArrSeq1;;;Cat1;00:05:00;00:40:00;510;10:20:00;
Arr569;Train569;d4 07:32:00;ArrSeq1;;;Cat1;00:05:00;00:40:00;890;63:50:00;
Arr570;Train570;d4 07:35:00;ArrSeq1;;;Cat5;00:05:00;00:40:00;950;34:20:00;
Arr571;Train571;d4 07:39:00;ArrSeq1;;;Cat2;00:05:00;00:40:00;780;39:50:00;
Arr572;Train572;d4 07:47:00;ArrSeq1;;;Cat1;00:05:00;00:40:00;300;63:50:00;
Arr573;Train573;d4 07:54:00;ArrSeq1;;;Cat1;00:05:00;00:40:00;510;61:10:00;
Arr574;Train574;d4 07:55:00;ArrSeq2;;;Cat5;00:05:00;00:40:00;430;40:20:00;
Arr575;Train575;d4 08:00:00;ArrSeq2;JointArr119;;Cat3;00:05:00;00:40:00;570;60:30:00;
Arr576;Train576;d4 08:00:00;ArrSeq2;JointArr119;;Cat3;00:05:00;00:40:00;140;26:20:00;
Arr577;Train577;d4 08:08:00;ArrSeq1;;;Cat1;00:05:00;00:40:00;530;46:00:00;
Arr578;Train578;d4 08:17:00;ArrSeq1;;;Cat1;00:05:00;00:40:00;760;30:50:00;
Arr579;Train579;d4 08:20:00;ArrSeq2;;;Cat3;00:05:00;00:40:00;770;20:10:00;
Arr580;Train580;d4 08:21:00;ArrSeq1;;;Cat10;00:15:00;01:00:00;1140;56:10:00;
Arr581;Train581;d4 08:21:00;ArrSeq1;JointArr120;;Cat2;00:05:00;00:40:00;800;30:00:00;
Arr582;Train582;d4 08:21:00;ArrSeq1;JointArr120;;Cat2;00:05:00;00:40:00;520;60:40:00;
Arr583;Train583;d4 08:25:00;ArrSeq1;JointArr121;;Cat3;00:05:00;00:40:00;350;61:00:00;
Arr584;Train584;d4 08:25:00;ArrSeq1;JointArr121;;Cat3;00:05:00;00:40:00;500;45:20:00;
Arr585;Train585;d4 08:29:00;ArrSeq1;;;Cat1;00:05:00;00:40:00;820;37:40:00;
Arr586;Train586;d4 08:34:00;ArrSeq1;;;Cat1;00:05:00;00:40:00;530;43:30:00;
Arr587;Train587;d4 08:38:00;ArrSeq1;;;Cat4;00:05:00;00:40:00;900;20:50:00;
Arr588;Train588;d4 08:42:00;ArrSeq1;JointArr122;;Cat7;00:05:00;00:40:00;270;10:20:00;
Arr589;Train589;d4 08:42:00;ArrSeq1;JointArr122;;Cat7;00:05:00;00:40:00;760;28:20:00;
Arr590;Train590;d4 08:49:00;ArrSeq2;;;Cat3;00:05:00;00:40:00;830;55:10:00;
Arr591;Train591;d4 08:54:00;ArrSeq1;;;Cat1;00:05:00;00:40:00;430;04:10:00;
Arr592;Train592;d4 08:55:00;ArrSeq2;JointArr123;;Cat3;00:05:00;00:40:00;870;32:50:00;
Arr593;Train593;d4 08:55:00;ArrSeq2;JointArr123;;Cat3;00:05:00;00:40:00;720;28:50:00;
Arr594;Train594;d4 09:10:00;ArrSeq1;;;Cat6;00:05:00;00:40:00;520;28:00:00;
Arr595;Train595;d4 09:11:00;ArrSeq1;;;Cat1;00:05:00;00:40:00;810;55:10:00;
Arr596;Train596;d4 09:21:00;ArrSeq1;;;Cat2;00:05:00;00:40:00;680;23:20:00;
Arr597;Train597;d4 09:25:00;ArrSeq1;JointArr124;;Cat6;00:05:00;00:40:00;510;23:30:00;
Arr598;Train598;d4 09:25:00;ArrSeq1;JointArr124;;Cat6;00:05:00;00:40:00;730;20:50:00;
Arr599;Train599;d4 09:30:00;ArrSeq1;;;Cat1;00:05:00;00:40:00;870;00:00:00;
Arr600;Train600;d4 09:35:00;ArrSeq1;;;Cat10;00:15:00;01:00:00;2570;46:30:00;
Arr601;Train601;d4 09:50:00;ArrSeq1;;;Cat1;00:05:00;00:40:00;750;31:20:00;
Arr602;Train602;d4 09:50:00;ArrSeq1;;;Cat11;00:15:00;01:00:00;1260;09:40:00;
Arr603;Train603;d4 09:54:00;ArrSeq1;JointArr125;;Cat1;00:05:00;00:40:00;510;66:30:00;
Arr604;Train604;d4 09:54:00;ArrSeq1;JointArr125;;Cat1;00:05:00;00:40:00;500;08:30:00;
Arr605;Train605;d4 10:16:00;ArrSeq1;;;Cat10;00:15:00;01:00:00;2970;37:00:00;
Arr606;Train606;d4 10:25:00;ArrSeq1;;;Cat10;00:15:00;01:00:00;830;34:30:00;
Arr607;Train607;d4 10:28:00;ArrSeq2;JointArr126;;Cat3;00:05:00;00:40:00;690;11:40:00;
Arr608;Train608;d4 10:28:00;ArrSeq2;JointArr126;;Cat3;00:05:00;00:40:00;420;57:10:00;
Arr609;Train609;d4 11:21:00;ArrSeq1;;;Cat1;00:05:00;00:40:00;110;20:20:00;
Arr610;Train610;d4 11:24:00;ArrSeq1;JointArr127;;Cat10;00:15:00;01:00:00;1590;40:00:00;
Arr611;Train611;d4 11:24:00;ArrSeq1;JointArr127;;Cat10;00:15:00;01:00:00;450;68:00:00;
Arr612;Train612;d4 11:30:00;ArrSeq1;;;Cat1;00:05:00;00:40:00;460;42:40:00;
Arr613;Train613;d4 11:39:00;ArrSeq1;JointArr128;;Cat7;00:05:00;00:40:00;460;22:30:00;
Arr614;Train614;d4 11:39:00;ArrSeq1;JointArr128;;Cat7;00:05:00;00:40:00;530;55:10:00;
Arr615;Train615;d4 11:46:00;ArrSeq1;;;Cat6;00:05:00;00:40:00;860;18:10:00;
Arr616;Train616;d4 11:50:00;ArrSeq1;;;Cat1;00:05:00;00:40:00;400;65:30:00;
Arr617;Train617;d4 11:54:00;ArrSeq1;;;Cat1;00:05:00;00:40:00;950;19:40:00;
Arr618;Train618;d4 12:16:00;ArrSeq1;JointArr129;;Cat12;00:15:00;01:00:00;3010;50:50:00;
Arr619;Train619;d4 12:16:00;ArrSeq1;JointArr129;;Cat12;00:15:00;01:00:00;1760;19:40:00;
Arr620;Train620;d4 12:21:00;ArrSeq1;;;Cat2;00:05:00;00:40:00;250;22:50:00;
Arr621;Train621;d4 12:28:00;ArrSeq1;JointArr130;;Cat10;00:15:00;01:00:00;2660;02:40:00;
Arr622;Train622;d4 12:28:00;ArrSeq1;JointArr130;;Cat10;00:15:00;01:00:00;900;26:00:00;
Arr623;Train623;d4 12:54:00;ArrSeq1;;;Cat1;00:05:00;00:40:00;520;10:00:00;
Arr624;Train624;d4 13:16:00;ArrSeq1;;;Cat1;00:05:00;00:40:00;560;29:30:00;
Arr625;Train625;d4 13:16:00;ArrSeq1;JointArr131;;Cat10;00:15:00;01:00:00;1010;47:20:00;
Arr626;Train626;d4 13:16:00;ArrSeq1;JointArr131;;Cat10;00:15:00;01:00:00;1030;47:30:00;
Arr627;Train627;d4 13:21:00;ArrSeq1;;;Cat1;00:05:00;00:40:00;300;25:00:00;
Arr628;Train628;d4 13:28:00;ArrSeq1;;;Cat10;00:15:00;01:00:00;720;09:30:00;
Arr629;Train629;d4 13:30:00;ArrSeq1;;;Cat1;00:05:00;00:40:00;230;21:30:00;
Arr630;Train630;d4 13:48:00;ArrSeq1;;;Cat12;00:15:00;01:00:00;940;01:50:00;
Arr631;Train631;d4 13:49:00;ArrSeq2;JointArr132;;Cat3;00:05:00;00:40:00;310;12:00:00;
Arr632;Train632;d4 13:49:00;ArrSeq2;JointArr132;;Cat3;00:05:00;00:40:00;740;53:20:00;
Arr633;Train633;d4 13:50:00;ArrSeq1;;;Cat1;00:05:00;00:40:00;770;23:30:00;
Arr634;Train634;d4 13:54:00;ArrSeq1;;;Cat1;00:05:00;00:40:00;690;48:30:00;
Arr635;Train635;d4 14:12:00;ArrSeq1;;;Cat1;00:05:00;00:40:00;270;21:20:00;
Arr636;Train636;d4 14:18:00;ArrSeq1;;;Cat10;00:15:00;01:00:00;3100;52:10:00;
Arr637;Train637;d4 14:21:00;ArrSeq1;;;Cat1;00:05:00;00:40:00;730;04:50:00;
Arr638;Train638;d4 14:26:00;ArrSeq1;;;Cat10;00:15:00;01:00:00;660;18:20:00;
Arr639;Train639;d4 14:28:00;ArrSeq2;JointArr133;;Cat3;00:05:00;00:40:00;370;64:20:00;
Arr640;Train640;d4 14:28:00;ArrSeq2;JointArr133;;Cat3;00:05:00;00:40:00;360;64:20:00;
Arr641;Train641;d4 14:32:00;ArrSeq1;;;Cat11;00:15:00;01:00:00;900;51:10:00;
Arr642;Train642;d4 14:54:00;ArrSeq1;;;Cat1;00:05:00;00:40:00;240;60:30:00;
Arr643;Train643;d4 14:55:00;ArrSeq1;JointArr134;;Cat3;00:05:00;00:40:00;480;14:40:00;
Arr644;Train644;d4 14:55:00;ArrSeq1;JointArr134;;Cat3;00:05:00;00:40:00;880;03:50:00;
Arr645;Train645;d4 15:17:00;ArrSeq1;;;Cat1;00:05:00;00:40:00;290;54:40:00;
Arr646;Train646;d4 15:21:00;ArrSeq1;;;Cat1;00:05:00;00:40:00;960;53:30:00;
Arr647;Train647;d4 15:25:00;ArrSeq2;JointArr135;;Cat6;00:05:00;00:40:00;700;44:50:00;
Arr648;Train648;d4 15:25:00;ArrSeq2;JointArr135;;Cat6;00:05:00;00:40:00;230;22:30:00;
Arr649;Train649;d4 15:30:00;ArrSeq1;;;Cat1;00:05:00;00:40:00;180;08:00:00;
Arr650;Train650;d4 15:34:00;ArrSeq1;JointArr136;;Cat9;00:15:00;01:00:00;2680;49:20:00;
Arr651;Train651;d4 15:34:00;ArrSeq1;JointArr136;;Cat9;00:15:00;01:00:00;2550;14:30:00;
Arr652;Train652;d4 15:54:00;ArrSeq1;;;Cat10;00:15:00;01:00:00;1320;15:40:00;
Arr653;Train653;d4 15:54:00;ArrSeq1;;;Cat1;00:05:00;00:40:00;500;21:10:00;
Arr654;Train654;d4 15:56:00;ArrSeq1;;;Cat1;00:05:00;00:40:00;690;01:40:00;
Arr655;Train655;d4 16:12:00;ArrSeq1;JointArr137;;Cat1;00:05:00;00:40:00;690;31:20:00;
Arr656;Train656;d4 16:12:00;ArrSeq1;JointArr137;;Cat1;00:05:00;00:40:00;850;60:40:00;
Arr657;Train657;d4 16:21:00;ArrSeq1;;;Cat1;00:05:00;00:40:00;880;46:40:00;
Arr658;Train658;d4 16:25:00;ArrSeq2;;;Cat5;00:05:00;00:40:00;400;01:00:00;
Arr659;Train659;d4 16:54:00;ArrSeq2;JointArr138;;Cat3;00:05:00;00:40:00;510;13:40:00;
Arr660;Train660;d4 16:54:00;ArrSeq2;JointArr138;;Cat3;00:05:00;00:40:00;940;60:40:00;
Arr661;Train661;d4 16:54:00;ArrSeq1;;;Cat1;00:05:00;00:40:00;230;18:00:00;
Arr662;Train662;d4 17:09:00;ArrSeq1;;;Cat1;00:05:00;00:40:00;640;36:50:00;
Arr663;Train663;d4 17:17:00;ArrSeq1;;;Cat1;00:05:00;00:40:00;510;56:30:00;
Arr664;Train664;d4 17:18:00;ArrSeq1;;;Cat12;00:15:00;01:00:00;2660;62:40:00;
Arr665;Train665;d4 17:21:00;ArrSeq1;JointArr139;;Cat2;00:05:00;00:40:00;270;31:10:00;
Arr666;Train666;d4 17:21:00;ArrSeq1;JointArr139;;Cat2;00:05:00;00:40:00;390;07:20:00;
Arr667;Train667;d4 17:24:00;ArrSeq1;;;Cat10;00:15:00;01:00:00;2760;35:00:00;
Arr668;Train668;d4 17:28:00;ArrSeq2;JointArr140;;Cat3;00:05:00;00:40:00;100;35:00:00;
Arr669;Train669;d4 17:28:00;ArrSeq2;JointArr140;;Cat3;00:05:00;00:40:00;950;00:00:00;
Arr670;Train670;d4 17:30:00;ArrSeq1;;;Cat1;00:05:00;00:40:00;280;65:50:00;
Arr671;Train671;d4 17:46:00;ArrSeq1;JointArr141;;Cat12;00:15:00;01:00:00;370;41:30:00;
Arr672;Train672;d4 17:46:00;ArrSeq1;JointArr141;;Cat12;00:15:00;01:00:00;2700;25:30:00;
Arr673;Train673;d4 17:50:00;ArrSeq1;;;Cat10;00:15:00;01:00:00;480;55:20:00;
Arr674;Train674;d4 17:50:00;ArrSeq2;;;Cat5;00:05:00;00:40:00;450;05:00:00;
Arr675;Train675;d4 17:54:00;ArrSeq1;;;Cat1;00:05:00;00:40:00;330;05:30:00;
Arr676;Train676;d4 17:54:00;ArrSeq1;;;Cat4;00:05:00;00:40:00;710;64:30:00;
Arr677;Train677;d4 17:55:00;ArrSeq2;;;Cat3;00:05:00;00:40:00;730;36:30:00;
Arr678;Train678;d4 18:03:00;ArrSeq1;;;Cat2;00:05:00;00:40:00;550;66:50:00;
Arr679;Train679;d4 18:12:00;ArrSeq1;;;Cat1;00:05:00;00:40:00;480;42:20:00;
Arr680;Train680;d4 18:17:00;ArrSeq1;;;Cat1;00:05:00;00:40:00;730;02:50:00;
Arr681;Train681;d4 18:19:00;ArrSeq2;JointArr142;;Cat3;00:05:00;00:40:00;230;11:00:00;
Arr682;Train682;d4 18:19:00;ArrSeq2;JointArr142;;Cat3;00:05:00;00:40:00;910;28:30:00;
Arr683;Train683;d4 18:21:00;ArrSeq1;;;Cat1;00:05:00;00:40:00;220;37:00:00;
Arr684;Train684;d4 18:24:00;ArrSeq1;JointArr143;;Cat10;00:15:00;01:00:00;250;32:20:00;
Arr685;Train685;d4 18:24:00;ArrSeq1;JointArr143;;Cat10;00:15:00;01:00:00;2030;33:50:00;
Arr686;Train686;d4 18:28:00;ArrSeq1;;;Cat1;00:05:00;00:40:00;440;06:40:00;
Arr687;Train687;d4 18:28:00;ArrSeq2;JointArr144;;Cat6;00:05:00;00:40:00;100;58:40:00;
Arr688;Train688;d4 18:28:00;ArrSeq2;JointArr144;;Cat6;00:05:00;00:40:00;690;58:00:00;
Arr689;Train689;d4 18:40:00;ArrSeq1;;;Cat7;00:05:00;00:40:00;460;34:40:00;
Arr690;Train690;d4 18:49:00;ArrSeq2;JointArr145;;Cat3;00:05:00;00:40:00;480;61:40:00;
Arr691;Train691;d4 18:49:00;ArrSeq2;JointArr145;;Cat3;00:05:00;00:40:00;180;69:30:00;
Arr692;Train692;d4 18:54:00;ArrSeq1;;;Cat1;00:05:00;00:40:00;100;45:30:00;
Arr693;Train693;d4 18:55:00;ArrSeq2;JointArr146;;Cat3;00:05:00;00:40:00;480;00:50:00;
Arr694;Train694;d4 18:55:00;ArrSeq2;JointArr146;;Cat3;00:05:00;00:40:00;740;37:40:00;
Arr695;Train695;d4 19:12:00;ArrSeq1;;;Cat1;00:05:00;00:40:00;440;31:00:00;
Arr696;Train696;d4 19:17:00;ArrSeq1;;;Cat10;00:15:00;01:00:00;1280;31:20:00;
Arr697;Train697;d4 19:17:00;ArrSeq1;;;Cat1;00:05:00;00:40:00;570;38:30:00;
Arr698;Train698;d4 19:19:00;ArrSeq2;;;Cat3;00:05:00;00:40:00;910;39:40:00;
Arr699;Train699;d4 19:21:00;ArrSeq1;;;Cat1;00:05:00;00:40:00;250;06:10:00;
Arr700;Train700;d4 19:24:00;ArrSeq1;;;Cat10;00:15:00;01:00:00;1010;43:40:00;
Arr701;Train701;d4 19:28:00;ArrSeq1;;;Cat1;00:05:00;00:40:00;800;13:20:00;
Arr702;Train702;d4 19:46:00;ArrSeq1;;;Cat1;00:05:00;00:40:00;940;14:50:00;
Arr703;Train703;d4 19:49:00;ArrSeq2;JointArr147;;Cat6;00:05:00;00:40:00;830;56:30:00;
Arr704;Train704;d4 19:49:00;ArrSeq2;JointArr147;;Cat6;00:05:00;00:40:00;180;20:40:00;
Arr705;Train705;d4 19:50:00;ArrSeq1;;;Cat10;00:15:00;01:00:00;2130;02:30:00;
Arr706;Train706;d4 19:54:00;ArrSeq1;;;Cat1;00:05:00;00:40:00;670;68:40:00;
Arr707;Train707;d4 19:55:00;ArrSeq2;JointArr148;;Cat3;00:05:00;00:40:00;950;34:50:00;
Arr708;Train708;d4 19:55:00;ArrSeq2;JointArr148;;Cat3;00:05:00;00:40:00;550;60:20:00;
Arr709;Train709;d4 20:12:00;ArrSeq1;;;Cat1;00:05:00;00:40:00;910;19:10:00;
Arr710;Train710;d4 20:18:00;ArrSeq1;;;Cat1;00:05:00;00:40:00;350;34:20:00;
Arr711;Train711;d4 20:24:00;ArrSeq1;JointArr149;;Cat10;00:15:00;01:00:00;510;69:40:00;
Arr712;Train712;d4 20:24:00;ArrSeq1;JointArr149;;Cat10;00:15:00;01:00:00;1280;15:50:00;
Arr713;Train713;d4 20:25:00;ArrSeq2;JointArr150;;Cat3;00:05:00;00:40:00;840;32:10:00;
Arr714;Train714;d4 20:25:00;ArrSeq2;JointArr150;;Cat3;00:05:00;00:40:00;240;45:50:00;
Arr715;Train715;d4 20:28:00;ArrSeq1;;;Cat1;00:05:00;00:40:00;490;40:40:00;
Arr716;Train716;d4 20:30:00;ArrSeq1;;;Cat1;00:05:00;00:40:00;130;15:40:00;
Arr717;Train717;d4 20:46:00;ArrSeq1;JointArr151;;Cat12;00:15:00;01:00:00;2050;39:40:00;
Arr718;Train718;d4 20:46:00;ArrSeq1;JointArr151;;Cat12;00:15:00;01:00:00;1350;46:50:00;
Arr719;Train719;d4 20:54:00;ArrSeq1;;;Cat1;00:05:00;00:40:00;230;19:10:00;
Arr720;Train720;d4 21:21:00;ArrSeq1;;;Cat2;00:05:00;10:39:00;940;01:20:00;
Arr721;Train721;d4 21:28:00;ArrSeq2;;;Cat5;00:05:00;10:32:00;350;07:30:00;
Arr722;Train722;d4 21:29:00;ArrSeq1;JointArr152;;Cat10;00:15:00;10:31:00;570;47:10:00;
Arr723;Train723;d4 21:29:00;ArrSeq1;JointArr152;;Cat10;00:15:00;10:31:00;2590;35:20:00;
Arr724;Train724;d4 21:32:00;ArrSeq2;;;Cat3;00:05:00;10:28:00;310;36:10:00;
Arr725;Train725;d4 21:42:00;ArrSeq1;;;Cat1;00:05:00;10:18:00;790;13:50:00;
Arr726;Train726;d4 21:46:00;ArrSeq1;;;Cat13;00:15:00;10:14:00;2850;13:40:00;
Arr727;Train727;d4 21:54:00;ArrSeq1;;;Cat1;00:05:00;10:06:00;240;64:30:00;
Arr728;Train728;d4 22:16:00;ArrSeq1;;;Cat10;00:15:00;09:44:00;1280;18:20:00;
Arr729;Train729;d4 22:27:00;ArrSeq2;JointArr153;;Cat6;00:05:00;09:33:00;550;42:50:00;
Arr730;Train730;d4 22:27:00;ArrSeq2;JointArr153;;Cat6;00:05:00;09:33:00;780;18:40:00;
Arr731;Train731;d4 22:35:00;ArrSeq1;JointArr154;;Cat9;00:15:00;09:25:00;580;46:10:00;
Arr732;Train732;d4 22:35:00;ArrSeq1;JointArr154;;Cat9;00:15:00;09:25:00;1540;25:40:00;
Arr733;Train733;d4 22:50:00;ArrSeq1;;;Cat10;00:15:00;09:10:00;1760;12:10:00;
Arr734;Train734;d4 22:54:00;ArrSeq1;;;Cat1;00:05:00;09:06:00;210;37:10:00;
Arr735;Train735;d4 23:16:00;ArrSeq1;;;Cat10;00:15:00;08:44:00;3020;52:40:00;
Arr736;Train736;d4 23:38:00;ArrSeq1;JointArr155;;Cat10;00:15:00;08:22:00;2540;16:30:00;
Arr737;Train737;d4 23:38:00;ArrSeq1;JointArr155;;Cat10;00:15:00;08:22:00;3110;66:30:00;
Arr738;Train738;d4 23:54:00;ArrSeq1;;;Cat1;00:05:00;08:06:00;690;46:10:00;
Arr739;Train739;d5 00:13:00;ArrSeq1;JointArr156;;Cat9;00:15:00;07:47:00;1700;33:50:00;
Arr740;Train740;d5 00:13:00;ArrSeq1;JointArr156;;Cat9;00:15:00;07:47:00;1010;65:30:00;
Arr741;Train741;d5 00:29:00;ArrSeq1;JointArr157;;Cat10;00:15:00;07:31:00;1920;65:40:00;
Arr742;Train742;d5 00:29:00;ArrSeq1;JointArr157;;Cat10;00:15:00;07:31:00;2030;69:10:00;
Arr743;Train743;d5 05:54:00;ArrSeq1;;;Cat1;00:05:00;00:40:00;240;46:30:00;
Arr744;Train744;d5 06:07:00;ArrSeq2;JointArr158;;Cat3;00:05:00;00:40:00;760;25:30:00;
Arr745;Train745;d5 06:07:00;ArrSeq2;JointArr158;;Cat3;00:05:00;00:40:00;220;43:50:00;
Arr746;Train746;d5 06:22:00;ArrSeq1;;;Cat1;00:05:00;00:40:00;760;36:00:00;
Arr747;Train747;d5 06:25:00;ArrSeq2;;;Cat3;00:05:00;00:40:00;230;60:00:00;
Arr748;Train748;d5 06:28:00;ArrSeq1;;;Cat1;00:05:00;00:40:00;280;16:30:00;
Arr749;Train749;d5 06:50:00;ArrSeq2;;;Cat3;00:05:00;00:40:00;620;65:30:00;
Arr750;Train750;d5 06:54:00;ArrSeq1;;;Cat1;00:05:00;00:40:00;660;67:00:00;
Arr751;Train751;d5 07:02:00;ArrSeq1;;;Cat1;00:05:00;00:40:00;170;68:30:00;
Arr752;Train752;d5 07:06:00;ArrSeq2;;;Cat3;00:05:00;00:40:00;870;50:20:00;
Arr753;Train753;d5 07:17:00;ArrSeq1;;;Cat1;00:05:00;00:40:00;860;43:50:00;
Arr754;Train754;d5 07:23:00;ArrSeq1;;;Cat1;00:05:00;00:40:00;340;03:40:00;
Arr755;Train755;d5 07:25:00;ArrSeq2;JointArr159;;Cat3;00:05:00;00:40:00;690;22:40:00;
Arr756;Train756;d5 07:25:00;ArrSeq2;JointArr159;;Cat3;00:05:00;00:40:00;250;38:30:00;
Arr757;Train757;d5 07:28:00;ArrSeq1;;;Cat1;00:05:00;00:40:00;640;00:40:00;
Arr758;Train758;d5 07:32:00;ArrSeq1;;;Cat1;00:05:00;00:40:00;240;47:40:00;
Arr759;Train759;d5 07:35:00;ArrSeq1;;;Cat5;00:05:00;00:40:00;120;36:00:00;
Arr760;Train760;d5 07:39:00;ArrSeq1;;;Cat2;00:05:00;00:40:00;290;34:00:00;
Arr761;Train761;d5 07:43:00;ArrSeq1;JointArr160;;Cat9;00:15:00;01:00:00;2130;38:30:00;
Arr762;Train762;d5 07:43:00;ArrSeq1;JointArr160;;Cat9;00:15:00;01:00:00;1070;06:40:00;
Arr763;Train763;d5 07:47:00;ArrSeq1;;;Cat1;00:05:00;00:40:00;940;35:50:00;
Arr764;Train764;d5 07:54:00;ArrSeq1;;;Cat1;00:05:00;00:40:00;950;61:00:00;
Arr765;Train765;d5 07:55:00;ArrSeq2;;;Cat5;00:05:00;00:40:00;680;52:10:00;
Arr766;Train766;d5 08:00:00;ArrSeq2;JointArr161;;Cat3;00:05:00;00:40:00;690;38:00:00;
Arr767;Train767;d5 08:00:00;ArrSeq2;JointArr161;;Cat3;00:05:00;00:40:00;870;22:10:00;
Arr768;Train768;d5 08:08:00;ArrSeq1;;;Cat1;00:05:00;00:40:00;760;04:30:00;
Arr769;Train769;d5 08:17:00;ArrSeq1;;;Cat1;00:05:00;00:40:00;790;02:20:00;
Arr770;Train770;d5 08:20:00;ArrSeq2;;;Cat3;00:05:00;00:40:00;240;22:40:00;
Arr771;Train771;d5 08:21:00;ArrSeq1;JointArr162;;Cat2;00:05:00;00:40:00;580;62:20:00;
Arr772;Train772;d5 08:21:00;ArrSeq1;JointArr162;;Cat2;00:05:00;00:40:00;260;66:50:00;
Arr773;Train773;d5 08:21:00;ArrSeq1;JointArr163;;Cat10;00:15:00;01:00:00;490;64:50:00;
Arr774;Train774;d5 08:21:00;ArrSeq1;JointArr163;;Cat10;00:15:00;01:00:00;2380;19:40:00;
Arr775;Train775;d5 08:25:00;ArrSeq1;JointArr164;;Cat3;00:05:00;00:40:00;690;31:20:00;
Arr776;Train776;d5 08:25:00;ArrSeq1;JointArr164;;Cat3;00:05:00;00:40:00;870;31:30:00;
Arr777;Train777;d5 08:29:00;ArrSeq1;;;Cat1;00:05:00;00:40:00;350;61:10:00;
Arr778;Train778;d5 08:34:00;ArrSeq1;;;Cat1;00:05:00;00:40:00;170;52:30:00;
Arr779;Train779;d5 08:38:00;ArrSeq1;;;Cat4;00:05:00;00:40:00;760;49:00:00;
Arr780;Train780;d5 08:42:00;ArrSeq1;JointArr165;;Cat7;00:05:00;00:40:00;590;67:00:00;
Arr781;Train781;d5 08:42:00;ArrSeq1;JointArr165;;Cat7;00:05:00;00:40:00;240;62:20:00;
Arr782;Train782;d5 08:49:00;ArrSeq2;;;Cat3;00:05:00;00:40:00;850;47:20:00;
Arr783;Train783;d5 08:54:00;ArrSeq1;;;Cat1;00:05:00;00:40:00;960;30:50:00;
Arr784;Train784;d5 08:55:00;ArrSeq2;JointArr166;;Cat3;00:05:00;00:40:00;330;27:50:00;
Arr785;Train785;d5 08:55:00;ArrSeq2;JointArr166;;Cat3;00:05:00;00:40:00;550;38:10:00;
Arr786;Train786;d5 09:10:00;ArrSeq1;;;Cat6;00:05:00;00:40:00;270;58:10:00;
Arr787;Train787;d5 09:11:00;ArrSeq1;;;Cat1;00:05:00;00:40:00;840;21:10:00;
Arr788;Train788;d5 09:21:00;ArrSeq1;;;Cat2;00:05:00;00:40:00;690;16:50:00;
Arr789;Train789;d5 09:25:00;ArrSeq1;JointArr167;;Cat6;00:05:00;00:40:00;650;06:30:00;
Arr790;Train790;d5 09:25:00;ArrSeq1;JointArr167;;Cat6;00:05:00;00:40:00;260;69:30:00;
Arr791;Train791;d5 09:30:00;ArrSeq1;;;Cat1;00:05:00;00:40:00;420;58:00:00;
Arr792;Train792;d5 09:35:00;ArrSeq1;;;Cat10;00:15:00;01:00:00;1500;41:40:00;
Arr793;Train793;d5 09:50:00;ArrSeq1;;;Cat11;00:15:00;01:00:00;660;55:50:00;
Arr794;Train794;d5 09:50:00;ArrSeq1;;;Cat1;00:05:00;00:40:00;540;28:50:00;
Arr795;Train795;d5 09:54:00;ArrSeq1;JointArr168;;Cat1;00:05:00;00:40:00;630;31:00:00;
Arr796;Train796;d5 09:54:00;ArrSeq1;JointArr168;;Cat1;00:05:00;00:40:00;200;00:00:00;
Arr797;Train797;d5 10:16:00;ArrSeq1;;;Cat10;00:15:00;01:00:00;2420;66:30:00;
Arr798;Train798;d5 10:25:00;ArrSeq1;JointArr169;;Cat10;00:15:00;01:00:00;3050;05:20:00;
Arr799;Train799;d5 10:25:00;ArrSeq1;JointArr169;;Cat10;00:15:00;01:00:00;2380;38:30:00;
Arr800;Train800;d5 10:28:00;ArrSeq2;JointArr170;;Cat3;00:05:00;00:40:00;570;04:30:00;
Arr801;Train801;d5 10:28:00;ArrSeq2;JointArr170;;Cat3;00:05:00;00:40:00;150;46:50:00;
Arr802;Train802;d5 11:21:00;ArrSeq1;;;Cat1;00:05:00;00:40:00;470;43:00:00;
Arr803;Train803;d5 11:24:00;ArrSeq1;;;Cat10;00:15:00;01:00:00;660;60:10:00;
Arr804;Train804;d5 11:30:00;ArrSeq1;;;Cat1;00:05:00;00:40:00;490;02:30:00;
Arr805;Train805;d5 11:39:00;ArrSeq1;JointArr171;;Cat7;00:05:00;00:40:00;530;00:20:00;
Arr806;Train806;d5 11:39:00;ArrSeq1;JointArr171;;Cat7;00:05:00;00:40:00;890;12:50:00;
Arr807;Train807;d5 11:50:00;ArrSeq1;;;Cat1;00:05:00;00:40:00;290;09:00:00;
Arr808;Train808;d5 11:54:00;ArrSeq1;;;Cat1;00:05:00;00:40:00;590;03:10:00;
Arr809;Train809;d5 12:16:00;ArrSeq1;JointArr172;;Cat12;00:15:00;01:00:00;880;43:20:00;
Arr810;Train810;d5 12:16:00;ArrSeq1;JointArr172;;Cat12;00:15:00;01:00:00;1880;49:20:00;
Arr811;Train811;d5 12:21:00;ArrSeq1;;;Cat2;00:05:00;00:40:00;220;32:20:00;
Arr812;Train812;d5 12:28:00;ArrSeq1;JointArr173;;Cat10;00:15:00;01:00:00;1550;11:20:00;
Arr813;Train813;d5 12:28:00;ArrSeq1;JointArr173;;Cat10;00:15:00;01:00:00;2800;36:50:00;
Arr814;Train814;d5 12:54:00;ArrSeq1;;;Cat1;00:05:00;00:40:00;620;25:10:00;
Arr815;Train815;d5 13:16:00;ArrSeq1;;;Cat1;00:05:00;00:40:00;810;01:20:00;
Arr816;Train816;d5 13:16:00;ArrSeq1;JointArr174;;Cat10;00:15:00;01:00:00;2740;42:10:00;
Arr817;Train817;d5 13:16:00;ArrSeq1;JointArr174;;Cat10;00:15:00;01:00:00;1190;65:30:00;
Arr818;Train818;d5 13:21:00;ArrSeq1;;;Cat1;00:05:00;00:40:00;810;27:20:00;
Arr819;Train819;d5 13:28:00;ArrSeq1;;;Cat10;00:15:00;01:00:00;1840;22:00:00;
Arr820;Train820;d5 13:30:00;ArrSeq1;;;Cat1;00:05:00;00:40:00;310;27:00:00;
Arr821;Train821;d5 13:35:00;ArrSeq1;JointArr175;;Cat9;00:15:00;01:00:00;520;34:50:00;
Arr822;Train822;d5 13:35:00;ArrSeq1;JointArr175;;Cat9;00:15:00;01:00:00;2170;06:10:00;
Arr823;Train823;d5 13:48:00;ArrSeq1;;;Cat12;00:15:00;01:00:00;2840;07:10:00;
Arr824;Train824;d5 13:49:00;ArrSeq2;JointArr176;;Cat3;00:05:00;00:40:00;910;35:30:00;
Arr825;Train825;d5 13:49:00;ArrSeq2;JointArr176;;Cat3;00:05:00;00:40:00;150;55:40:00;
Arr826;Train826;d5 13:50:00;ArrSeq1;;;Cat1;00:05:00;00:40:00;210;58:10:00;
Arr827;Train827;d5 13:54:00;ArrSeq1;;;Cat1;00:05:00;00:40:00;320;23:50:00;
Arr828;Train828;d5 14:12:00;ArrSeq1;;;Cat1;00:05:00;00:40:00;280;59:30:00;
Arr829;Train829;d5 14:18:00;ArrSeq1;;;Cat10;00:15:00;01:00:00;1040;45:50:00;
Arr830;Train830;d5 14:21:00;ArrSeq1;;;Cat1;00:05:00;00:40:00;400;40:50:00;
Arr831;Train831;d5 14:26:00;ArrSeq1;JointArr177;;Cat10;00:15:00;01:00:00;1730;39:40:00;
Arr832;Train832;d5 14:26:00;ArrSeq1;JointArr177;;Cat10;00:15:00;01:00:00;1000;15:10:00;
Arr833;Train833;d5 14:28:00;ArrSeq2;JointArr178;;Cat3;00:05:00;00:40:00;510;02:10:00;
Arr834;Train834;d5 14:28:00;ArrSeq2;JointArr178;;Cat3;00:05:00;00:40:00;400;53:20:00;
Arr835;Train835;d5 14:32:00;ArrSeq1;;;Cat11;00:15:00;01:00:00;1510;16:10:00;
Arr836;Train836;d5 14:54:00;ArrSeq1;;;Cat1;00:05:00;00:40:00;310;39:30:00;
Arr837;Train837;d5 14:55:00;ArrSeq1;JointArr179;;Cat3;00:05:00;00:40:00;590;37:10:00;
Arr838;Train838;d5 14:55:00;ArrSeq1;JointArr179;;Cat3;00:05:00;00:40:00;960;36:50:00;
Arr839;Train839;d5 15:17:00;ArrSeq1;;;Cat1;00:05:00;00:40:00;140;01:50:00;
Arr840;Train840;d5 15:21:00;ArrSeq1;;;Cat1;00:05:00;00:40:00;860;13:40:00;
Arr841;Train841;d5 15:25:00;ArrSeq2;JointArr180;;Cat6;00:05:00;00:40:00;350;57:20:00;
Arr842;Train842;d5 15:25:00;ArrSeq2;JointArr180;;Cat6;00:05:00;00:40:00;710;46:00:00;
Arr843;Train843;d5 15:30:00;ArrSeq1;;;Cat1;00:05:00;00:40:00;350;42:20:00;
Arr844;Train844;d5 15:46:00;ArrSeq1;;;Cat10;00:15:00;01:00:00;570;09:10:00;
Arr845;Train845;d5 15:54:00;ArrSeq1;;;Cat1;00:05:00;00:40:00;370;26:00:00;
Arr846;Train846;d5 15:54:00;ArrSeq1;;;Cat10;00:15:00;01:00:00;2090;40:00:00;
Arr847;Train847;d5 15:56:00;ArrSeq1;;;Cat1;00:05:00;00:40:00;240;55:50:00;
Arr848;Train848;d5 16:12:00;ArrSeq1;JointArr181;;Cat1;00:05:00;00:40:00;320;15:20:00;
Arr849;Train849;d5 16:12:00;ArrSeq1;JointArr181;;Cat1;00:05:00;00:40:00;770;57:00:00;
Arr850;Train850;d5 16:21:00;ArrSeq1;;;Cat1;00:05:00;00:40:00;640;07:10:00;
Arr851;Train851;d5 16:25:00;ArrSeq2;;;Cat5;00:05:00;00:40:00;410;55:30:00;
Arr852;Train852;d5 16:54:00;ArrSeq2;JointArr182;;Cat3;00:05:00;00:40:00;600;19:40:00;
Arr853;Train853;d5 16:54:00;ArrSeq2;JointArr182;;Cat3;00:05:00;00:40:00;920;34:10:00;
Arr854;Train854;d5 16:54:00;ArrSeq1;;;Cat1;00:05:00;00:40:00;750;18:20:00;
Arr855;Train855;d5 17:09:00;ArrSeq1;;;Cat1;00:05:00;00:40:00;200;16:20:00;
Arr856;Train856;d5 17:17:00;ArrSeq1;;;Cat1;00:05:00;00:40:00;870;14:00:00;
Arr857;Train857;d5 17:18:00;ArrSeq1;;;Cat12;00:15:00;01:00:00;260;61:40:00;
Arr858;Train858;d5 17:21:00;ArrSeq1;JointArr183;;Cat2;00:05:00;00:40:00;140;48:00:00;
Arr859;Train859;d5 17:21:00;ArrSeq1;JointArr183;;Cat2;00:05:00;00:40:00;930;47:00:00;
Arr860;Train860;d5 17:24:00;ArrSeq1;;;Cat10;00:15:00;01:00:00;1480;21:00:00;
Arr861;Train861;d5 17:28:00;ArrSeq2;;;Cat3;00:05:00;00:40:00;780;21:00:00;
Arr862;Train862;d5 17:30:00;ArrSeq1;;;Cat1;00:05:00;00:40:00;120;03:00:00;
Arr863;Train863;d5 17:46:00;ArrSeq1;JointArr184;;Cat12;00:15:00;01:00:00;2190;49:50:00;
Arr864;Train864;d5 17:46:00;ArrSeq1;JointArr184;;Cat12;00:15:00;01:00:00;2380;57:40:00;
Arr865;Train865;d5 17:50:00;ArrSeq2;;;Cat5;00:05:00;00:40:00;720;26:10:00;
Arr866;Train866;d5 17:50:00;ArrSeq1;JointArr185;;Cat10;00:15:00;01:00:00;2590;51:10:00;
Arr867;Train867;d5 17:50:00;ArrSeq1;JointArr185;;Cat10;00:15:00;01:00:00;1310;28:50:00;
Arr868;Train868;d5 17:54:00;ArrSeq1;;;Cat1;00:05:00;00:40:00;960;27:10:00;
Arr869;Train869;d5 17:54:00;ArrSeq1;;;Cat4;00:05:00;00:40:00;570;48:40:00;
Arr870;Train870;d5 17:55:00;ArrSeq2;JointArr186;;Cat3;00:05:00;00:40:00;400;25:50:00;
Arr871;Train871;d5 17:55:00;ArrSeq2;JointArr186;;Cat3;00:05:00;00:40:00;220;69:10:00;
Arr872;Train872;d5 18:03:00;ArrSeq1;;;Cat1;00:05:00;00:40:00;690;14:20:00;
Arr873;Train873;d5 18:12:00;ArrSeq1;;;Cat1;00:05:00;00:40:00;420;30:50:00;
Arr874;Train874;d5 18:17:00;ArrSeq1;;;Cat1;00:05:00;00:40:00;720;65:20:00;
Arr875;Train875;d5 18:19:00;ArrSeq2;JointArr187;;Cat3;00:05:00;00:40:00;660;05:10:00;
Arr876;Train876;d5 18:19:00;ArrSeq2;JointArr187;;Cat3;00:05:00;00:40:00;560;68:40:00;
Arr877;Train877;d5 18:21:00;ArrSeq1;;;Cat1;00:05:00;00:40:00;800;42:30:00;
Arr878;Train878;d5 18:24:00;ArrSeq1;JointArr188;;Cat10;00:15:00;01:00:00;550;18:20:00;
Arr879;Train879;d5 18:24:00;ArrSeq1;JointArr188;;Cat10;00:15:00;01:00:00;3020;06:30:00;
Arr880;Train880;d5 18:28:00;ArrSeq1;;;Cat1;00:05:00;00:40:00;580;16:30:00;
Arr881;Train881;d5 18:28:00;ArrSeq2;JointArr189;;Cat6;00:05:00;00:40:00;330;23:40:00;
Arr882;Train882;d5 18:28:00;ArrSeq2;JointArr189;;Cat6;00:05:00;00:40:00;280;23:10:00;
Arr883;Train883;d5 18:36:00;ArrSeq1;;;Cat6;00:05:00;00:40:00;210;17:40:00;
Arr884;Train884;d5 18:40:00;ArrSeq1;;;Cat7;00:05:00;00:40:00;650;29:00:00;
Arr885;Train885;d5 18:49:00;ArrSeq2;;;Cat3;00:05:00;00:40:00;690;36:40:00;
Arr886;Train886;d5 18:54:00;ArrSeq1;;;Cat1;00:05:00;00:40:00;510;05:50:00;
Arr887;Train887;d5 18:55:00;ArrSeq2;JointArr190;;Cat3;00:05:00;00:40:00;750;16:30:00;
Arr888;Train888;d5 18:55:00;ArrSeq2;JointArr190;;Cat3;00:05:00;00:40:00;860;59:50:00;
Arr889;Train889;d5 19:12:00;ArrSeq1;;;Cat1;00:05:00;00:40:00;530;63:00:00;
Arr890;Train890;d5 19:17:00;ArrSeq1;;;Cat1;00:05:00;00:40:00;850;36:10:00;
Arr891;Train891;d5 19:17:00;ArrSeq1;JointArr191;;Cat10;00:15:00;01:00:00;740;60:00:00;
Arr892;Train892;d5 19:17:00;ArrSeq1;JointArr191;;Cat10;00:15:00;01:00:00;3050;21:00:00;
Arr893;Train893;d5 19:19:00;ArrSeq2;JointArr192;;Cat3;00:05:00;00:40:00;140;09:00:00;
Arr894;Train894;d5 19:19:00;ArrSeq2;JointArr192;;Cat3;00:05:00;00:40:00;200;30:10:00;
Arr895;Train895;d5 19:21:00;ArrSeq1;;;Cat1;00:05:00;00:40:00;930;30:40:00;
Arr896;Train896;d5 19:24:00;ArrSeq1;;;Cat10;00:15:00;01:00:00;1970;12:50:00;
Arr897;Train897;d5 19:28:00;ArrSeq1;;;Cat1;00:05:00;00:40:00;680;69:40:00;
Arr898;Train898;d5 19:46:00;ArrSeq1;;;Cat1;00:05:00;00:40:00;710;62:10:00;
Arr899;Train899;d5 19:49:00;ArrSeq2;JointArr193;;Cat6;00:05:00;00:40:00;440;02:20:00;
Arr900;Train900;d5 19:49:00;ArrSeq2;JointArr193;;Cat6;00:05:00;00:40:00;690;53:20:00;
Arr901;Train901;d5 19:50:00;ArrSeq1;;;Cat10;00:15:00;01:00:00;1500;55:40:00;
Arr902;Train902;d5 19:54:00;ArrSeq1;;;Cat1;00:05:00;00:40:00;620;18:00:00;
Arr903;Train903;d5 19:55:00;ArrSeq2;JointArr194;;Cat3;00:05:00;00:40:00;600;59:20:00;
Arr904;Train904;d5 19:55:00;ArrSeq2;JointArr194;;Cat3;00:05:00;00:40:00;650;44:20:00;
Arr905;Train905;d5 20:12:00;ArrSeq1;;;Cat1;00:05:00;00:40:00;630;13:50:00;
Arr906;Train906;d5 20:18:00;ArrSeq1;;;Cat1;00:05:00;00:40:00;370;17:00:00;
Arr907;Train907;d5 20:24:00;ArrSeq1;JointArr195;;Cat10;00:15:00;01:00:00;1160;04:00:00;
Arr908;Train908;d5 20:24:00;ArrSeq1;JointArr195;;Cat10;00:15:00;01:00:00;2630;65:10:00;
Arr909;Train909;d5 20:25:00;ArrSeq2;JointArr196;;Cat3;00:05:00;00:40:00;510;21:00:00;
Arr910;Train910;d5 20:25:00;ArrSeq2;JointArr196;;Cat3;00:05:00;00:40:00;180;12:30:00;
Arr911;Train911;d5 20:28:00;ArrSeq1;;;Cat1;00:05:00;00:40:00;800;43:30:00;
Arr912;Train912;d5 20:30:00;ArrSeq1;JointArr197;;Cat7;00:05:00;00:40:00;660;30:20:00;
Arr913;Train913;d5 20:30:00;ArrSeq1;JointArr197;;Cat7;00:05:00;00:40:00;570;65:20:00;
Arr914;Train914;d5 20:54:00;ArrSeq1;;;Cat1;00:05:00;00:40:00;390;14:40:00;
Arr915;Train915;d5 21:21:00;ArrSeq1;JointArr198;;Cat2;00:05:00;10:39:00;860;13:50:00;
Arr916;Train916;d5 21:21:00;ArrSeq1;JointArr198;;Cat2;00:05:00;10:39:00;820;11:10:00;
Arr917;Train917;d5 21:28:00;ArrSeq2;;;Cat5;00:05:00;10:32:00;570;01:10:00;
Arr918;Train918;d5 21:29:00;ArrSeq1;JointArr199;;Cat10;00:15:00;10:31:00;1880;47:00:00;
Arr919;Train919;d5 21:29:00;ArrSeq1;JointArr199;;Cat10;00:15:00;10:31:00;1780;50:00:00;
Arr920;Train920;d5 21:32:00;ArrSeq2;JointArr200;;Cat3;00:05:00;10:28:00;790;16:10:00;
Arr921;Train921;d5 21:32:00;ArrSeq2;JointArr200;;Cat3;00:05:00;10:28:00;320;58:20:00;
Arr922;Train922;d5 21:32:00;ArrSeq2;JointArr200;;Cat3;00:05:00;10:28:00;870;15:00:00;
Arr923;Train923;d5 21:42:00;ArrSeq1;JointArr201;;Cat1;00:05:00;10:18:00;270;40:00:00;
Arr924;Train924;d5 21:42:00;ArrSeq1;JointArr201;;Cat1;00:05:00;10:18:00;620;33:30:00;
Arr925;Train925;d5 21:46:00;ArrSeq1;;;Cat13;00:15:00;10:14:00;1730;02:10:00;
Arr926;Train926;d5 21:54:00;ArrSeq1;;;Cat1;00:05:00;10:06:00;760;22:50:00;
Arr927;Train927;d5 22:16:00;ArrSeq1;JointArr202;;Cat10;00:15:00;09:44:00;400;18:30:00;
Arr928;Train928;d5 22:16:00;ArrSeq1;JointArr202;;Cat10;00:15:00;09:44:00;1090;55:50:00;
Arr929;Train929;d5 22:27:00;ArrSeq2;JointArr203;;Cat6;00:05:00;09:33:00;150;56:10:00;
Arr930;Train930;d5 22:27:00;ArrSeq2;JointArr203;;Cat6;00:05:00;09:33:00;870;31:50:00;
Arr931;Train931;d5 22:50:00;ArrSeq1;;;Cat10;00:15:00;09:10:00;1720;54:50:00;
Arr932;Train932;d5 22:54:00;ArrSeq1;JointArr204;;Cat1;00:05:00;09:06:00;330;64:00:00;
Arr933;Train933;d5 22:54:00;ArrSeq1;JointArr204;;Cat1;00:05:00;09:06:00;190;30:20:00;
Arr934;Train934;d5 23:16:00;ArrSeq1;;;Cat10;00:15:00;08:44:00;1920;33:00:00;
Arr935;Train935;d5 23:54:00;ArrSeq1;;;Cat1;00:05:00;08:06:00;630;38:20:00;
Arr936;Train936;d5 23:56:00;ArrSeq1;JointArr205;;Cat10;00:15:00;08:04:00;1400;37:00:00;
Arr937;Train937;d5 23:56:00;ArrSeq1;JointArr205;;Cat10;00:15:00;08:04:00;1120;16:50:00;
Arr938;Train938;d6 06:25:00;ArrSeq2;;;Cat3;00:05:00;00:40:00;880;24:50:00;
Arr939;Train939;d6 06:50:00;ArrSeq2;;;Cat3;00:05:00;00:40:00;800;45:30:00;
Arr940;Train940;d6 06:54:00;ArrSeq1;;;Cat1;00:05:00;00:40:00;270;60:30:00;
Arr941;Train941;d6 07:02:00;ArrSeq1;;;Cat1;00:05:00;00:40:00;430;33:50:00;
Arr942;Train942;d6 07:06:00;ArrSeq2;JointArr206;;Cat3;00:05:00;00:40:00;100;49:00:00;
Arr943;Train943;d6 07:06:00;ArrSeq2;JointArr206;;Cat3;00:05:00;00:40:00;180;64:00:00;
Arr944;Train944;d6 07:17:00;ArrSeq1;;;Cat1;00:05:00;00:40:00;840;52:30:00;
Arr945;Train945;d6 07:25:00;ArrSeq2;JointArr207;;Cat3;00:05:00;00:40:00;590;22:30:00;
Arr946;Train946;d6 07:25:00;ArrSeq2;JointArr207;;Cat3;00:05:00;00:40:00;960;01:20:00;
Arr947;Train947;d6 07:28:00;ArrSeq1;;;Cat1;00:05:00;00:40:00;930;23:30:00;
Arr948;Train948;d6 07:43:00;ArrSeq1;JointArr208;;Cat9;00:15:00;01:00:00;1130;18:30:00;
Arr949;Train949;d6 07:43:00;ArrSeq1;JointArr208;;Cat9;00:15:00;01:00:00;1780;06:40:00;
Arr950;Train950;d6 08:00:00;ArrSeq2;;;Cat5;00:05:00;00:40:00;150;46:10:00;
Arr951;Train951;d6 08:08:00;ArrSeq1;;;Cat1;00:05:00;00:40:00;630;50:00:00;
Arr952;Train952;d6 08:17:00;ArrSeq1;;;Cat1;00:05:00;00:40:00;230;46:10:00;
Arr953;Train953;d6 08:20:00;ArrSeq2;;;Cat3;00:05:00;00:40:00;800;26:30:00;
Arr954;Train954;d6 08:21:00;ArrSeq1;JointArr209;;Cat2;00:05:00;00:40:00;330;40:20:00;
Arr955;Train955;d6 08:21:00;ArrSeq1;JointArr209;;Cat2;00:05:00;00:40:00;260;59:10:00;
Arr956;Train956;d6 08:25:00;ArrSeq1;JointArr210;;Cat3;00:05:00;00:40:00;290;24:00:00;
Arr957;Train957;d6 08:25:00;ArrSeq1;JointArr210;;Cat3;00:05:00;00:40:00;800;15:00:00;
Arr958;Train958;d6 08:29:00;ArrSeq1;;;Cat1;00:05:00;00:40:00;160;54:00:00;
Arr959;Train959;d6 08:34:00;ArrSeq1;;;Cat1;00:05:00;00:40:00;410;38:30:00;
Arr960;Train960;d6 08:38:00;ArrSeq1;;;Cat4;00:05:00;00:40:00;520;37:20:00;
Arr961;Train961;d6 08:42:00;ArrSeq1;JointArr211;;Cat7;00:05:00;00:40:00;730;03:00:00;
Arr962;Train962;d6 08:42:00;ArrSeq1;JointArr211;;Cat7;00:05:00;00:40:00;470;02:20:00;
Arr963;Train963;d6 08:55:00;ArrSeq2;;;Cat3;00:05:00;00:40:00;500;02:40:00;
Arr964;Train964;d6 09:10:00;ArrSeq1;;;Cat1;00:05:00;00:40:00;600;50:10:00;
Arr965;Train965;d6 09:11:00;ArrSeq1;;;Cat1;00:05:00;00:40:00;450;04:50:00;
Arr966;Train966;d6 09:25:00;ArrSeq1;JointArr212;;Cat3;00:05:00;00:40:00;240;25:40:00;
Arr967;Train967;d6 09:25:00;ArrSeq1;JointArr212;;Cat3;00:05:00;00:40:00;380;66:30:00;
Arr968;Train968;d6 09:30:00;ArrSeq1;;;Cat1;00:05:00;00:40:00;690;28:30:00;
Arr969;Train969;d6 09:50:00;ArrSeq1;;;Cat11;00:15:00;01:00:00;2540;35:00:00;
Arr970;Train970;d6 09:54:00;ArrSeq1;;;Cat1;00:05:00;00:40:00;640;42:30:00;
Arr971;Train971;d6 10:16:00;ArrSeq1;;;Cat10;00:15:00;01:00:00;1980;11:30:00;
Arr972;Train972;d6 10:25:00;ArrSeq1;;;Cat10;00:15:00;01:00:00;2040;63:20:00;
Arr973;Train973;d6 10:28:00;ArrSeq2;JointArr213;;Cat3;00:05:00;00:40:00;300;61:40:00;
Arr974;Train974;d6 10:28:00;ArrSeq2;JointArr213;;Cat3;00:05:00;00:40:00;300;64:00:00;
Arr975;Train975;d6 11:21:00;ArrSeq1;;;Cat1;00:05:00;00:40:00;160;03:30:00;
Arr976;Train976;d6 11:24:00;ArrSeq1;;;Cat10;00:15:00;01:00:00;1020;20:20:00;
Arr977;Train977;d6 11:30:00;ArrSeq1;;;Cat1;00:05:00;00:40:00;600;24:50:00;
Arr978;Train978;d6 11:39:00;ArrSeq1;JointArr214;;Cat7;00:05:00;00:40:00;720;54:10:00;
Arr979;Train979;d6 11:39:00;ArrSeq1;JointArr214;;Cat7;00:05:00;00:40:00;450;36:30:00;
Arr980;Train980;d6 11:46:00;ArrSeq1;;;Cat11;00:15:00;01:00:00;840;24:30:00;
Arr981;Train981;d6 11:50:00;ArrSeq1;;;Cat1;00:05:00;00:40:00;670;21:50:00;
Arr982;Train982;d6 11:54:00;ArrSeq1;;;Cat1;00:05:00;00:40:00;200;45:50:00;
Arr983;Train983;d6 12:16:00;ArrSeq1;JointArr215;;Cat12;00:15:00;01:00:00;260;59:30:00;
Arr984;Train984;d6 12:16:00;ArrSeq1;JointArr215;;Cat12;00:15:00;01:00:00;3110;51:30:00;
Arr985;Train985;d6 12:21:00;ArrSeq1;JointArr216;;Cat2;00:05:00;00:40:00;870;01:50:00;
Arr986;Train986;d6 12:21:00;ArrSeq1;JointArr216;;Cat2;00:05:00;00:40:00;220;65:00:00;
Arr987;Train987;d6 12:28:00;ArrSeq1;JointArr217;;Cat10;00:15:00;01:00:00;1850;40:00:00;
Arr988;Train988;d6 12:28:00;ArrSeq1;JointArr217;;Cat10;00:15:00;01:00:00;730;57:20:00;
Arr989;Train989;d6 12:54:00;ArrSeq1;;;Cat1;00:05:00;00:40:00;510;64:20:00;
Arr990;Train990;d6 13:02:00;ArrSeq1;JointArr218;;Cat9;00:15:00;01:00:00;2970;37:30:00;
Arr991;Train991;d6 13:02:00;ArrSeq1;JointArr218;;Cat9;00:15:00;01:00:00;1290;17:10:00;
Arr992;Train992;d6 13:16:00;ArrSeq1;;;Cat1;00:05:00;00:40:00;950;49:10:00;
Arr993;Train993;d6 13:16:00;ArrSeq1;JointArr219;;Cat10;00:15:00;01:00:00;2160;01:40:00;
Arr994;Train994;d6 13:16:00;ArrSeq1;JointArr219;;Cat10;00:15:00;01:00:00;260;45:40:00;
Arr995;Train995;d6 13:25:00;ArrSeq2;JointArr220;;Cat3;00:05:00;00:40:00;100;65:40:00;
Arr996;Train996;d6 13:25:00;ArrSeq2;JointArr220;;Cat3;00:05:00;00:40:00;650;53:50:00;
Arr997;Train997;d6 13:28:00;ArrSeq1;;;Cat10;00:15:00;01:00:00;310;56:10:00;
Arr998;Train998;d6 13:30:00;ArrSeq1;;;Cat1;00:05:00;00:40:00;420;09:10:00;
Arr999;Train999;d6 13:48:00;ArrSeq1;;;Cat12;00:15:00;01:00:00;2030;14:10:00;
Arr1000;Train1000;d6 13:49:00;ArrSeq2;JointArr221;;Cat3;00:05:00;00:40:00;320;21:20:00;
Arr1001;Train1001;d6 13:49:00;ArrSeq2;JointArr221;;Cat3;00:05:00;00:40:00;720;18:50:00;
Arr1002;Train1002;d6 13:50:00;ArrSeq1;;;Cat1;00:05:00;00:40:00;950;29:20:00;
Arr1003;Train1003;d6 13:54:00;ArrSeq1;;;Cat1;00:05:00;00:40:00;570;55:10:00;
Arr1004;Train1004;d6 14:12:00;ArrSeq1;;;Cat1;00:05:00;00:40:00;380;42:30:00;
Arr1005;Train1005;d6 14:18:00;ArrSeq1;;;Cat10;00:15:00;01:00:00;1520;05:20:00;
Arr1006;Train1006;d6 14:26:00;ArrSeq1;JointArr222;;Cat10;00:15:00;01:00:00;910;21:10:00;
Arr1007;Train1007;d6 14:26:00;ArrSeq1;JointArr222;;Cat10;00:15:00;01:00:00;1020;09:10:00;
Arr1008;Train1008;d6 14:28:00;ArrSeq2;JointArr223;;Cat3;00:05:00;00:40:00;130;49:10:00;
Arr1009;Train1009;d6 14:28:00;ArrSeq2;JointArr223;;Cat3;00:05:00;00:40:00;810;47:20:00;
Arr1010;Train1010;d6 14:32:00;ArrSeq1;;;Cat11;00:15:00;01:00:00;1070;36:30:00;
Arr1011;Train1011;d6 14:54:00;ArrSeq1;;;Cat1;00:05:00;00:40:00;490;19:50:00;
Arr1012;Train1012;d6 14:55:00;ArrSeq1;JointArr224;;Cat3;00:05:00;00:40:00;370;58:20:00;
Arr1013;Train1013;d6 14:55:00;ArrSeq1;JointArr224;;Cat3;00:05:00;00:40:00;260;22:10:00;
Arr1014;Train1014;d6 15:21:00;ArrSeq1;;;Cat1;00:05:00;00:40:00;520;51:50:00;
Arr1015;Train1015;d6 15:30:00;ArrSeq1;;;Cat1;00:05:00;00:40:00;840;29:20:00;
Arr1016;Train1016;d6 15:46:00;ArrSeq1;;;Cat10;00:15:00;01:00:00;900;65:40:00;
Arr1017;Train1017;d6 15:54:00;ArrSeq1;;;Cat1;00:05:00;00:40:00;150;36:30:00;
Arr1018;Train1018;d6 15:54:00;ArrSeq1;JointArr225;;Cat10;00:15:00;01:00:00;2390;27:00:00;
Arr1019;Train1019;d6 15:54:00;ArrSeq1;JointArr225;;Cat10;00:15:00;01:00:00;820;50:40:00;
Arr1020;Train1020;d6 16:12:00;ArrSeq1;;;Cat1;00:05:00;00:40:00;200;35:10:00;
Arr1021;Train1021;d6 16:25:00;ArrSeq2;JointArr226;;Cat3;00:05:00;00:40:00;100;11:00:00;
Arr1022;Train1022;d6 16:25:00;ArrSeq2;JointArr226;;Cat3;00:05:00;00:40:00;770;62:10:00;
Arr1023;Train1023;d6 16:54:00;ArrSeq2;JointArr227;;Cat3;00:05:00;00:40:00;220;59:30:00;
Arr1024;Train1024;d6 16:54:00;ArrSeq2;JointArr227;;Cat3;00:05:00;00:40:00;440;22:50:00;
Arr1025;Train1025;d6 16:54:00;ArrSeq1;;;Cat1;00:05:00;00:40:00;750;46:40:00;
Arr1026;Train1026;d6 16:55:00;ArrSeq1;;;Cat4;00:05:00;00:40:00;570;03:40:00;
Arr1027;Train1027;d6 17:18:00;ArrSeq1;;;Cat12;00:15:00;01:00:00;2550;38:10:00;
Arr1028;Train1028;d6 17:21:00;ArrSeq1;;;Cat1;00:05:00;00:40:00;220;23:40:00;
Arr1029;Train1029;d6 17:24:00;ArrSeq1;;;Cat10;00:15:00;01:00:00;780;26:00:00;
Arr1030;Train1030;d6 17:30:00;ArrSeq1;;;Cat1;00:05:00;00:40:00;580;12:20:00;
Arr1031;Train1031;d6 17:46:00;ArrSeq1;JointArr228;;Cat12;00:15:00;01:00:00;640;12:40:00;
Arr1032;Train1032;d6 17:46:00;ArrSeq1;JointArr228;;Cat12;00:15:00;01:00:00;1650;65:50:00;
Arr1033;Train1033;d6 17:50:00;ArrSeq1;;;Cat10;00:15:00;01:00:00;550;64:40:00;
Arr1034;Train1034;d6 17:54:00;ArrSeq1;;;Cat1;00:05:00;00:40:00;490;15:00:00;
Arr1035;Train1035;d6 17:55:00;ArrSeq2;JointArr229;;Cat3;00:05:00;00:40:00;420;31:30:00;
Arr1036;Train1036;d6 17:55:00;ArrSeq2;JointArr229;;Cat3;00:05:00;00:40:00;520;19:20:00;
Arr1037;Train1037;d6 18:12:00;ArrSeq1;;;Cat1;00:05:00;00:40:00;510;24:50:00;
Arr1038;Train1038;d6 18:17:00;ArrSeq1;;;Cat1;00:05:00;00:40:00;810;27:00:00;
Arr1039;Train1039;d6 18:24:00;ArrSeq1;JointArr230;;Cat10;00:15:00;01:00:00;2150;29:20:00;
Arr1040;Train1040;d6 18:24:00;ArrSeq1;JointArr230;;Cat10;00:15:00;01:00:00;1400;64:20:00;
Arr1041;Train1041;d6 18:28:00;ArrSeq1;;;Cat1;00:05:00;00:40:00;900;08:00:00;
Arr1042;Train1042;d6 18:40:00;ArrSeq1;;;Cat7;00:05:00;00:40:00;790;61:40:00;
Arr1043;Train1043;d6 18:54:00;ArrSeq1;;;Cat1;00:05:00;00:40:00;430;09:00:00;
Arr1044;Train1044;d6 18:55:00;ArrSeq2;JointArr231;;Cat3;00:05:00;00:40:00;380;41:20:00;
Arr1045;Train1045;d6 18:55:00;ArrSeq2;JointArr231;;Cat3;00:05:00;00:40:00;340;49:30:00;
Arr1046;Train1046;d6 19:12:00;ArrSeq1;;;Cat1;00:05:00;00:40:00;330;21:50:00;
Arr1047;Train1047;d6 19:17:00;ArrSeq1;;;Cat10;00:15:00;01:00:00;1220;04:10:00;
Arr1048;Train1048;d6 19:19:00;ArrSeq2;JointArr232;;Cat3;00:05:00;00:40:00;120;16:40:00;
Arr1049;Train1049;d6 19:19:00;ArrSeq2;JointArr232;;Cat3;00:05:00;00:40:00;470;01:30:00;
Arr1050;Train1050;d6 19:21:00;ArrSeq1;;;Cat1;00:05:00;00:40:00;660;01:10:00;
Arr1051;Train1051;d6 19:24:00;ArrSeq1;;;Cat10;00:15:00;01:00:00;3030;53:40:00;
Arr1052;Train1052;d6 19:28:00;ArrSeq1;JointArr233;;Cat1;00:05:00;00:40:00;690;18:30:00;
Arr1053;Train1053;d6 19:28:00;ArrSeq1;JointArr233;;Cat1;00:05:00;00:40:00;820;26:00:00;
Arr1054;Train1054;d6 19:46:00;ArrSeq1;;;Cat1;00:05:00;00:40:00;560;13:20:00;
Arr1055;Train1055;d6 19:54:00;ArrSeq1;;;Cat1;00:05:00;00:40:00;410;49:10:00;
Arr1056;Train1056;d6 19:55:00;ArrSeq2;JointArr234;;Cat3;00:05:00;00:40:00;580;54:00:00;
Arr1057;Train1057;d6 19:55:00;ArrSeq2;JointArr234;;Cat3;00:05:00;00:40:00;690;27:40:00;
Arr1058;Train1058;d6 20:22:00;ArrSeq1;JointArr235;;Cat2;00:05:00;00:40:00;500;39:20:00;
Arr1059;Train1059;d6 20:22:00;ArrSeq1;JointArr235;;Cat2;00:05:00;00:40:00;940;13:30:00;
Arr1060;Train1060;d6 20:24:00;ArrSeq1;;;Cat10;00:15:00;01:00:00;1700;18:40:00;
Arr1061;Train1061;d6 20:25:00;ArrSeq2;;;Cat3;00:05:00;00:40:00;940;39:50:00;
Arr1062;Train1062;d6 20:28:00;ArrSeq1;;;Cat1;00:05:00;00:40:00;920;45:30:00;
Arr1063;Train1063;d6 20:30:00;ArrSeq1;JointArr236;;Cat7;00:05:00;00:40:00;660;42:50:00;
Arr1064;Train1064;d6 20:30:00;ArrSeq1;JointArr236;;Cat7;00:05:00;00:40:00;150;22:30:00;
Arr1065;Train1065;d6 20:46:00;ArrSeq1;;;Cat12;00:15:00;01:00:00;1640;35:20:00;
Arr1066;Train1066;d6 20:54:00;ArrSeq1;JointArr237;;Cat9;00:15:00;01:00:00;2420;37:50:00;
Arr1067;Train1067;d6 20:54:00;ArrSeq1;JointArr237;;Cat9;00:15:00;01:00:00;310;49:20:00;
Arr1068;Train1068;d6 20:54:00;ArrSeq1;;;Cat1;00:05:00;00:40:00;280;55:30:00;
Arr1069;Train1069;d6 21:28:00;ArrSeq2;;;Cat5;00:05:00;10:32:00;660;62:30:00;
Arr1070;Train1070;d6 21:29:00;ArrSeq1;;;Cat10;00:15:00;10:31:00;2190;34:20:00;
Arr1071;Train1071;d6 21:32:00;ArrSeq2;JointArr238;;Cat3;00:05:00;10:28:00;630;45:50:00;
Arr1072;Train1072;d6 21:32:00;ArrSeq2;JointArr238;;Cat3;00:05:00;10:28:00;950;47:30:00;
Arr1073;Train1073;d6 21:42:00;ArrSeq1;;;Cat1;00:05:00;10:18:00;190;59:10:00;
Arr1074;Train1074;d6 21:46:00;ArrSeq1;;;Cat13;00:15:00;10:14:00;2500;02:50:00;
Arr1075;Train1075;d6 21:54:00;ArrSeq1;;;Cat1;00:05:00;10:06:00;960;33:20:00;
Arr1076;Train1076;d6 22:11:00;ArrSeq1;JointArr239;;Cat2;00:05:00;09:49:00;450;48:40:00;
Arr1077;Train1077;d6 22:11:00;ArrSeq1;JointArr239;;Cat2;00:05:00;09:49:00;920;03:20:00;
Arr1078;Train1078;d6 22:16:00;ArrSeq1;;;Cat10;00:15:00;09:44:00;1350;17:40:00;
Arr1079;Train1079;d6 22:27:00;ArrSeq2;JointArr240;;Cat3;00:05:00;09:33:00;740;65:30:00;
Arr1080;Train1080;d6 22:27:00;ArrSeq2;JointArr240;;Cat3;00:05:00;09:33:00;460;30:40:00;
Arr1081;Train1081;d6 22:50:00;ArrSeq1;;;Cat10;00:15:00;09:10:00;1670;64:40:00;
Arr1082;Train1082;d6 22:54:00;ArrSeq1;;;Cat1;00:05:00;09:06:00;600;65:10:00;
Arr1083;Train1083;d6 23:16:00;ArrSeq1;;;Cat10;00:15:00;08:44:00;1500;67:10:00;
Arr1084;Train1084;d6 23:54:00;ArrSeq1;;;Cat1;00:05:00;08:06:00;630;06:40:00;
Arr1085;Train1085;d6 23:56:00;ArrSeq1;JointArr241;;Cat10;00:15:00;08:04:00;2900;56:00:00;
Arr1086;Train1086;d6 23:56:00;ArrSeq1;JointArr241;;Cat10;00:15:00;08:04:00;600;47:40:00;
Arr1087;Train1087;d7 00:13:00;ArrSeq1;JointArr242;;Cat9;00:15:00;07:47:00;690;58:00:00;
Arr1088;Train1088;d7 00:13:00;ArrSeq1;JointArr242;;Cat9;00:15:00;07:47:00;2520;26:10:00;
Arr1089;Train1089;d7 00:29:00;ArrSeq1;JointArr243;;Cat10;00:15:00;07:31:00;2310;67:00:00;
Arr1090;Train1090;d7 00:29:00;ArrSeq1;JointArr243;;Cat10;00:15:00;07:31:00;2910;69:40:00;
Arr1091;Train1091;d7 06:25:00;ArrSeq2;JointArr244;;Cat3;00:05:00;00:40:00;100;44:30:00;
Arr1092;Train1092;d7 06:25:00;ArrSeq2;JointArr244;;Cat3;00:05:00;00:40:00;140;33:10:00;
Arr1093;Train1093;d7 06:50:00;ArrSeq2;;;Cat3;00:05:00;00:40:00;150;09:50:00;
Arr1094;Train1094;d7 06:54:00;ArrSeq1;;;Cat1;00:05:00;00:40:00;690;14:20:00;
Arr1095;Train1095;d7 07:06:00;ArrSeq2;JointArr245;;Cat3;00:05:00;00:40:00;680;20:40:00;
Arr1096;Train1096;d7 07:06:00;ArrSeq2;JointArr245;;Cat3;00:05:00;00:40:00;720;04:50:00;
Arr1097;Train1097;d7 07:43:00;ArrSeq1;JointArr246;;Cat9;00:15:00;01:00:00;890;42:30:00;
Arr1098;Train1098;d7 07:43:00;ArrSeq1;JointArr246;;Cat9;00:15:00;01:00:00;1320;13:00:00;
Arr1099;Train1099;d7 08:17:00;ArrSeq1;;;Cat1;00:05:00;00:40:00;150;29:00:00;
Arr1100;Train1100;d7 08:20:00;ArrSeq2;;;Cat3;00:05:00;00:40:00;520;08:40:00;
Arr1101;Train1101;d7 08:25:00;ArrSeq1;JointArr247;;Cat3;00:05:00;00:40:00;270;54:50:00;
Arr1102;Train1102;d7 08:25:00;ArrSeq1;JointArr247;;Cat3;00:05:00;00:40:00;310;10:40:00;
Arr1103;Train1103;d7 08:29:00;ArrSeq1;;;Cat1;00:05:00;00:40:00;370;00:30:00;
Arr1104;Train1104;d7 08:34:00;ArrSeq1;;;Cat1;00:05:00;00:40:00;120;42:00:00;
Arr1105;Train1105;d7 08:42:00;ArrSeq1;JointArr248;;Cat7;00:05:00;00:40:00;380;04:10:00;
Arr1106;Train1106;d7 08:42:00;ArrSeq1;JointArr248;;Cat7;00:05:00;00:40:00;880;63:30:00;
Arr1107;Train1107;d7 08:55:00;ArrSeq2;;;Cat3;00:05:00;00:40:00;720;34:10:00;
Arr1108;Train1108;d7 09:11:00;ArrSeq1;;;Cat1;00:05:00;00:40:00;870;53:50:00;
Arr1109;Train1109;d7 09:25:00;ArrSeq1;JointArr249;;Cat3;00:05:00;00:40:00;100;39:10:00;
Arr1110;Train1110;d7 09:25:00;ArrSeq1;JointArr249;;Cat3;00:05:00;00:40:00;770;69:00:00;
Arr1111;Train1111;d7 09:30:00;ArrSeq1;;;Cat1;00:05:00;00:40:00;310;50:40:00;
Arr1112;Train1112;d7 09:50:00;ArrSeq1;;;Cat11;00:15:00;01:00:00;1590;65:30:00;
Arr1113;Train1113;d7 09:54:00;ArrSeq1;;;Cat1;00:05:00;00:40:00;520;00:40:00;
Arr1114;Train1114;d7 10:16:00;ArrSeq1;;;Cat10;00:15:00;01:00:00;2320;64:50:00;
Arr1115;Train1115;d7 10:25:00;ArrSeq1;;;Cat10;00:15:00;01:00:00;290;68:00:00;
Arr1116;Train1116;d7 10:28:00;ArrSeq2;JointArr250;;Cat3;00:05:00;00:40:00;430;05:10:00;
Arr1117;Train1117;d7 10:28:00;ArrSeq2;JointArr250;;Cat3;00:05:00;00:40:00;490;48:40:00;
Arr1118;Train1118;d7 11:11:00;ArrSeq1;;;Cat6;00:05:00;00:40:00;520;05:30:00;
Arr1119;Train1119;d7 11:21:00;ArrSeq1;;;Cat1;00:05:00;00:40:00;470;66:30:00;
Arr1120;Train1120;d7 11:24:00;ArrSeq1;JointArr251;;Cat10;00:15:00;01:00:00;780;22:40:00;
Arr1121;Train1121;d7 11:24:00;ArrSeq1;JointArr251;;Cat10;00:15:00;01:00:00;450;65:40:00;
Arr1122;Train1122;d7 11:30:00;ArrSeq1;;;Cat1;00:05:00;00:40:00;640;38:50:00;
Arr1123;Train1123;d7 11:39:00;ArrSeq1;JointArr252;;Cat7;00:05:00;00:40:00;840;32:30:00;
Arr1124;Train1124;d7 11:39:00;ArrSeq1;JointArr252;;Cat7;00:05:00;00:40:00;390;08:30:00;
Arr1125;Train1125;d7 11:46:00;ArrSeq1;;;Cat11;00:15:00;01:00:00;2890;17:00:00;
Arr1126;Train1126;d7 11:50:00;ArrSeq1;;;Cat1;00:05:00;00:40:00;950;43:00:00;
Arr1127;Train1127;d7 11:54:00;ArrSeq1;;;Cat1;00:05:00;00:40:00;550;12:50:00;
Arr1128;Train1128;d7 12:16:00;ArrSeq1;JointArr253;;Cat12;00:15:00;01:00:00;2300;04:00:00;
Arr1129;Train1129;d7 12:16:00;ArrSeq1;JointArr253;;Cat12;00:15:00;01:00:00;730;23:20:00;
Arr1130;Train1130;d7 12:21:00;ArrSeq1;JointArr254;;Cat2;00:05:00;00:40:00;280;57:20:00;
Arr1131;Train1131;d7 12:21:00;ArrSeq1;JointArr254;;Cat2;00:05:00;00:40:00;830;03:50:00;
Arr1132;Train1132;d7 12:28:00;ArrSeq1;JointArr255;;Cat10;00:15:00;01:00:00;1580;42:50:00;
Arr1133;Train1133;d7 12:28:00;ArrSeq1;JointArr255;;Cat10;00:15:00;01:00:00;2550;13:50:00;
Arr1134;Train1134;d7 12:34:00;ArrSeq1;;;Cat6;00:05:00;00:40:00;720;10:40:00;
Arr1135;Train1135;d7 12:54:00;ArrSeq1;;;Cat1;00:05:00;00:40:00;460;28:00:00;
Arr1136;Train1136;d7 13:02:00;ArrSeq1;JointArr256;;Cat9;00:15:00;01:00:00;2040;23:50:00;
Arr1137;Train1137;d7 13:02:00;ArrSeq1;JointArr256;;Cat9;00:15:00;01:00:00;740;64:10:00;
Arr1138;Train1138;d7 13:16:00;ArrSeq1;JointArr257;;Cat10;00:15:00;01:00:00;2350;51:00:00;
Arr1139;Train1139;d7 13:16:00;ArrSeq1;JointArr257;;Cat10;00:15:00;01:00:00;1250;19:50:00;
Arr1140;Train1140;d7 13:16:00;ArrSeq1;;;Cat1;00:05:00;00:40:00;180;38:20:00;
Arr1141;Train1141;d7 13:25:00;ArrSeq2;JointArr258;;Cat3;00:05:00;00:40:00;480;69:50:00;
Arr1142;Train1142;d7 13:25:00;ArrSeq2;JointArr258;;Cat3;00:05:00;00:40:00;950;40:00:00;
Arr1143;Train1143;d7 13:28:00;ArrSeq1;;;Cat10;00:15:00;01:00:00;670;25:30:00;
Arr1144;Train1144;d7 13:30:00;ArrSeq1;;;Cat1;00:05:00;00:40:00;510;63:10:00;
Arr1145;Train1145;d7 13:48:00;ArrSeq1;;;Cat12;00:15:00;01:00:00;2170;30:00:00;
Arr1146;Train1146;d7 13:49:00;ArrSeq2;JointArr259;;Cat3;00:05:00;00:40:00;460;42:30:00;
Arr1147;Train1147;d7 13:49:00;ArrSeq2;JointArr259;;Cat3;00:05:00;00:40:00;330;19:40:00;
Arr1148;Train1148;d7 13:50:00;ArrSeq1;;;Cat1;00:05:00;00:40:00;860;43:00:00;
Arr1149;Train1149;d7 13:54:00;ArrSeq1;;;Cat1;00:05:00;00:40:00;830;09:20:00;
Arr1150;Train1150;d7 14:12:00;ArrSeq1;;;Cat1;00:05:00;00:40:00;690;40:30:00;
Arr1151;Train1151;d7 14:18:00;ArrSeq1;;;Cat10;00:15:00;01:00:00;2100;52:40:00;
Arr1152;Train1152;d7 14:26:00;ArrSeq1;JointArr260;;Cat10;00:15:00;01:00:00;1290;41:40:00;
Arr1153;Train1153;d7 14:26:00;ArrSeq1;JointArr260;;Cat10;00:15:00;01:00:00;2000;63:20:00;
Arr1154;Train1154;d7 14:28:00;ArrSeq2;JointArr261;;Cat3;00:05:00;00:40:00;930;59:50:00;
Arr1155;Train1155;d7 14:28:00;ArrSeq2;JointArr261;;Cat3;00:05:00;00:40:00;260;26:00:00;
Arr1156;Train1156;d7 14:32:00;ArrSeq1;;;Cat11;00:15:00;01:00:00;1000;42:30:00;
Arr1157;Train1157;d7 14:54:00;ArrSeq1;;;Cat1;00:05:00;00:40:00;120;65:00:00;
Arr1158;Train1158;d7 14:55:00;ArrSeq1;JointArr262;;Cat3;00:05:00;00:40:00;180;63:40:00;
Arr1159;Train1159;d7 14:55:00;ArrSeq1;JointArr262;;Cat3;00:05:00;00:40:00;150;28:30:00;
Arr1160;Train1160;d7 15:21:00;ArrSeq1;;;Cat1;00:05:00;00:40:00;850;39:50:00;
Arr1161;Train1161;d7 15:30:00;ArrSeq1;;;Cat1;00:05:00;00:40:00;260;03:10:00;
Arr1162;Train1162;d7 15:46:00;ArrSeq1;;;Cat10;00:15:00;01:00:00;1290;06:40:00;
Arr1163;Train1163;d7 15:54:00;ArrSeq1;;;Cat1;00:05:00;00:40:00;270;68:50:00;
Arr1164;Train1164;d7 15:54:00;ArrSeq1;JointArr263;;Cat10;00:15:00;01:00:00;3130;39:40:00;
Arr1165;Train1165;d7 15:54:00;ArrSeq1;JointArr263;;Cat10;00:15:00;01:00:00;550;42:10:00;
Arr1166;Train1166;d7 16:12:00;ArrSeq1;;;Cat1;00:05:00;00:40:00;170;18:00:00;
Arr1167;Train1167;d7 16:25:00;ArrSeq2;JointArr264;;Cat3;00:05:00;00:40:00;620;02:10:00;
Arr1168;Train1168;d7 16:25:00;ArrSeq2;JointArr264;;Cat3;00:05:00;00:40:00;240;11:00:00;
Arr1169;Train1169;d7 16:54:00;ArrSeq2;JointArr265;;Cat3;00:05:00;00:40:00;880;35:30:00;
Arr1170;Train1170;d7 16:54:00;ArrSeq2;JointArr265;;Cat3;00:05:00;00:40:00;890;32:40:00;
Arr1171;Train1171;d7 16:54:00;ArrSeq1;;;Cat1;00:05:00;00:40:00;910;68:20:00;
Arr1172;Train1172;d7 16:55:00;ArrSeq1;;;Cat4;00:05:00;00:40:00;730;25:30:00;
Arr1173;Train1173;d7 17:18:00;ArrSeq1;;;Cat12;00:15:00;01:00:00;1170;20:10:00;
Arr1174;Train1174;d7 17:21:00;ArrSeq1;JointArr266;;Cat2;00:05:00;00:40:00;350;06:20:00;
Arr1175;Train1175;d7 17:21:00;ArrSeq1;JointArr266;;Cat2;00:05:00;00:40:00;350;06:20:00;
Arr1176;Train1176;d7 17:24:00;ArrSeq1;;;Cat10;00:15:00;01:00:00;510;62:50:00;
Arr1177;Train1177;d7 17:30:00;ArrSeq1;;;Cat1;00:05:00;00:40:00;800;35:30:00;
Arr1178;Train1178;d7 17:38:00;ArrSeq1;;;Cat6;00:05:00;00:40:00;440;64:00:00;
Arr1179;Train1179;d7 17:46:00;ArrSeq1;JointArr267;;Cat12;00:15:00;01:00:00;510;36:00:00;
Arr1180;Train1180;d7 17:46:00;ArrSeq1;JointArr267;;Cat12;00:15:00;01:00:00;2340;44:00:00;
Arr1181;Train1181;d7 17:50:00;ArrSeq1;;;Cat10;00:15:00;01:00:00;2570;64:00:00;
Arr1182;Train1182;d7 17:54:00;ArrSeq1;;;Cat1;00:05:00;00:40:00;900;50:00:00;
Arr1183;Train1183;d7 17:55:00;ArrSeq2;JointArr268;;Cat3;00:05:00;00:40:00;100;29:40:00;
Arr1184;Train1184;d7 17:55:00;ArrSeq2;JointArr268;;Cat3;00:05:00;00:40:00;610;49:50:00;
Arr1185;Train1185;d7 18:12:00;ArrSeq1;;;Cat1;00:05:00;00:40:00;420;48:40:00;
Arr1186;Train1186;d7 18:17:00;ArrSeq1;;;Cat1;00:05:00;00:40:00;510;27:30:00;
Arr1187;Train1187;d7 18:24:00;ArrSeq1;JointArr269;;Cat10;00:15:00;01:00:00;3100;27:50:00;
Arr1188;Train1188;d7 18:24:00;ArrSeq1;JointArr269;;Cat10;00:15:00;01:00:00;320;06:50:00;
Arr1189;Train1189;d7 18:28:00;ArrSeq1;;;Cat1;00:05:00;00:40:00;700;46:10:00;
Arr1190;Train1190;d7 18:40:00;ArrSeq1;;;Cat7;00:05:00;00:40:00;500;38:20:00;
Arr1191;Train1191;d7 18:54:00;ArrSeq1;;;Cat1;00:05:00;00:40:00;540;57:30:00;
Arr1192;Train1192;d7 18:55:00;ArrSeq2;JointArr270;;Cat3;00:05:00;00:40:00;650;13:30:00;
Arr1193;Train1193;d7 18:55:00;ArrSeq2;JointArr270;;Cat3;00:05:00;00:40:00;680;63:10:00;
Arr1194;Train1194;d7 19:12:00;ArrSeq1;;;Cat1;00:05:00;00:40:00;750;28:10:00;
Arr1195;Train1195;d7 19:17:00;ArrSeq1;JointArr271;;Cat10;00:15:00;01:00:00;910;05:00:00;
Arr1196;Train1196;d7 19:17:00;ArrSeq1;JointArr271;;Cat10;00:15:00;01:00:00;910;05:00:00;
Arr1197;Train1197;d7 19:19:00;ArrSeq2;JointArr272;;Cat3;00:05:00;00:40:00;650;54:50:00;
Arr1198;Train1198;d7 19:19:00;ArrSeq2;JointArr272;;Cat3;00:05:00;00:40:00;210;04:10:00;
Arr1199;Train1199;d7 19:21:00;ArrSeq1;;;Cat1;00:05:00;00:40:00;110;14:50:00;
Arr1200;Train1200;d7 19:24:00;ArrSeq1;JointArr273;;Cat10;00:15:00;01:00:00;910;05:00:00;
Arr1201;Train1201;d7 19:24:00;ArrSeq1;JointArr273;;Cat10;00:15:00;01:00:00;3020;14:40:00;
Arr1202;Train1202;d7 19:28:00;ArrSeq1;;;Cat1;00:05:00;00:40:00;650;25:20:00;
Arr1203;Train1203;d7 19:46:00;ArrSeq1;;;Cat1;00:05:00;00:40:00;940;27:20:00;
Arr1204;Train1204;d7 19:50:00;ArrSeq1;;;Cat10;00:15:00;01:00:00;1390;00:10:00;
Arr1205;Train1205;d7 19:54:00;ArrSeq1;;;Cat1;00:05:00;00:40:00;490;28:20:00;
Arr1206;Train1206;d7 19:55:00;ArrSeq2;JointArr274;;Cat3;00:05:00;00:40:00;960;68:50:00;
Arr1207;Train1207;d7 19:55:00;ArrSeq2;JointArr274;;Cat3;00:05:00;00:40:00;310;52:20:00;
Arr1208;Train1208;d7 20:22:00;ArrSeq1;;;Cat1;00:05:00;00:40:00;330;33:20:00;
Arr1209;Train1209;d7 20:24:00;ArrSeq1;JointArr275;;Cat10;00:15:00;01:00:00;610;54:50:00;
Arr1210;Train1210;d7 20:24:00;ArrSeq1;JointArr275;;Cat10;00:15:00;01:00:00;2200;49:20:00;
Arr1211;Train1211;d7 20:25:00;ArrSeq2;;;Cat3;00:05:00;00:40:00;470;25:20:00;
Arr1212;Train1212;d7 20:28:00;ArrSeq1;;;Cat1;00:05:00;00:40:00;190;23:00:00;
Arr1213;Train1213;d7 20:30:00;ArrSeq1;;;Cat1;00:05:00;00:40:00;490;56:30:00;
Arr1214;Train1214;d7 20:46:00;ArrSeq1;JointArr276;;Cat12;00:15:00;01:00:00;630;25:40:00;
Arr1215;Train1215;d7 20:46:00;ArrSeq1;JointArr276;;Cat12;00:15:00;01:00:00;1020;55:30:00;
Arr1216;Train1216;d7 20:54:00;ArrSeq1;;;Cat1;00:05:00;00:40:00;900;32:10:00;
Arr1217;Train1217;d7 21:28:00;ArrSeq2;;;Cat5;00:05:00;10:32:00;470;40:00:00;
Arr1218;Train1218;d7 21:29:00;ArrSeq1;JointArr277;;Cat10;00:15:00;10:31:00;620;03:40:00;
Arr1219;Train1219;d7 21:29:00;ArrSeq1;JointArr277;;Cat10;00:15:00;10:31:00;790;44:40:00;
Arr1220;Train1220;d7 21:32:00;ArrSeq2;JointArr278;;Cat3;00:05:00;10:28:00;430;66:50:00;
Arr1221;Train1221;d7 21:32:00;ArrSeq2;JointArr278;;Cat3;00:05:00;10:28:00;360;61:40:00;
Arr1222;Train1222;d7 21:42:00;ArrSeq1;;;Cat6;00:05:00;10:18:00;140;59:50:00;
Arr1223;Train1223;d7 21:46:00;ArrSeq1;;;Cat13;00:15:00;10:14:00;710;07:20:00;
Arr1224;Train1224;d7 21:54:00;ArrSeq1;;;Cat1;00:05:00;10:06:00;650;09:10:00;
Arr1225;Train1225;d7 22:11:00;ArrSeq1;JointArr279;;Cat2;00:05:00;09:49:00;520;68:20:00;
Arr1226;Train1226;d7 22:11:00;ArrSeq1;JointArr279;;Cat2;00:05:00;09:49:00;500;44:30:00;
Arr1227;Train1227;d7 22:16:00;ArrSeq1;;;Cat10;00:15:00;09:44:00;1740;54:30:00;
Arr1228;Train1228;d7 22:27:00;ArrSeq2;JointArr280;;Cat3;00:05:00;09:33:00;410;50:10:00;
Arr1229;Train1229;d7 22:27:00;ArrSeq2;JointArr280;;Cat3;00:05:00;09:33:00;600;38:00:00;
Arr1230;Train1230;d7 22:50:00;ArrSeq1;;;Cat10;00:15:00;09:10:00;1140;23:40:00;
Arr1231;Train1231;d7 22:54:00;ArrSeq1;;;Cat1;00:05:00;09:06:00;790;23:20:00;
Arr1232;Train1232;d7 23:16:00;ArrSeq1;;;Cat10;00:15:00;08:44:00;2600;65:50:00;
Arr1233;Train1233;d7 23:54:00;ArrSeq1;;;Cat1;00:05:00;08:06:00;910;09:00:00;
Arr1234;Train1234;d7 23:56:00;ArrSeq1;JointArr281;;Cat10;00:15:00;08:04:00;2650;67:00:00;
Arr1235;Train1235;d7 23:56:00;ArrSeq1;JointArr281;;Cat10;00:15:00;08:04:00;770;41:30:00;
