idDeparture;depTime;depSeq;jointDep;idealDwell;maxDwell;reqDBM;reqTBM;
Dep1;d1 05:05:00;DepSeq1;;00:15:00;08:05:00;340;07:40:00;
Dep2;d1 05:33:00;DepSeq2;;00:15:00;08:33:00;530;08:40:00;
Dep3;d1 05:36:00;DepSeq1;;00:30:00;08:36:00;900;07:00:00;
Dep4;d1 05:56:00;DepSeq1;;00:15:00;08:56:00;580;11:50:00;
Dep5;d1 06:00:00;DepSeq1;;00:15:00;09:00:00;240;04:50:00;
Dep6;d1 06:05:00;DepSeq2;JointDep1;00:15:00;09:05:00;240;05:20:00;
Dep7;d1 06:05:00;DepSeq2;JointDep1;00:15:00;09:05:00;240;05:20:00;
Dep8;d1 06:05:00;DepSeq1;;00:15:00;09:05:00;440;09:40:00;
Dep9;d1 06:10:00;DepSeq1;;00:30:00;09:10:00;900;07:00:00;
Dep10;d1 06:10:00;DepSeq1;;00:15:00;09:10:00;240;04:50:00;
Dep11;d1 06:14:00;DepSeq1;;00:30:00;09:14:00;2060;11:50:00;
Dep12;d1 06:24:00;DepSeq1;JointDep2;00:30:00;09:24:00;1880;13:00:00;
Dep13;d1 06:24:00;DepSeq1;JointDep2;00:30:00;09:24:00;1880;13:00:00;
Dep14;d1 06:32:00;DepSeq1;;00:15:00;09:32:00;440;07:40:00;
Dep15;d1 06:35:00;DepSeq1;;00:15:00;09:35:00;340;07:40:00;
Dep16;d1 06:35:00;DepSeq2;JointDep3;00:15:00;09:35:00;240;05:20:00;
Dep17;d1 06:35:00;DepSeq2;JointDep3;00:15:00;09:35:00;240;05:20:00;
Dep18;d1 06:44:00;DepSeq1;;00:30:00;09:44:00;1170;06:40:00;
Dep19;d1 06:45:00;DepSeq1;;00:15:00;09:45:00;440;09:40:00;
Dep20;d1 06:48:00;DepSeq1;;00:15:00;09:48:00;240;04:50:00;
Dep21;d1 07:05:00;DepSeq2;;00:15:00;10:05:00;530;08:40:00;
Dep22;d1 07:05:00;DepSeq1;;00:15:00;10:05:00;440;09:40:00;
Dep23;d1 07:11:00;DepSeq2;;00:15:00;10:11:00;510;11:10:00;
Dep24;d1 07:14:00;DepSeq1;;00:30:00;10:14:00;2120;12:30:00;
Dep25;d1 07:18:00;DepSeq1;;00:15:00;10:18:00;260;04:20:00;
Dep26;d1 07:24:00;DepSeq1;;00:15:00;10:24:00;240;04:50:00;
Dep27;d1 07:35:00;DepSeq2;;00:15:00;10:35:00;530;08:40:00;
Dep28;d1 07:35:00;DepSeq1;;00:15:00;10:35:00;440;09:40:00;
Dep29;d1 07:36:00;DepSeq1;;00:30:00;10:36:00;900;07:00:00;
Dep30;d1 07:45:00;DepSeq1;;00:15:00;10:45:00;440;09:40:00;
Dep31;d1 07:48:00;DepSeq1;;00:15:00;10:48:00;440;07:40:00;
Dep32;d1 08:05:00;DepSeq1;;00:15:00;00:40:00;440;09:40:00;
Dep33;d1 08:14:00;DepSeq1;;00:30:00;01:00:00;2190;11:40:00;
Dep34;d1 08:25:00;DepSeq1;JointDep4;00:30:00;01:00:00;1880;13:00:00;
Dep35;d1 08:25:00;DepSeq1;JointDep4;00:30:00;01:00:00;1880;13:00:00;
Dep36;d1 08:33:00;DepSeq1;;00:15:00;00:40:00;440;07:40:00;
Dep37;d1 08:35:00;DepSeq1;JointDep5;00:15:00;00:40:00;480;11:00:00;
Dep38;d1 08:35:00;DepSeq1;JointDep5;00:15:00;00:40:00;480;11:00:00;
Dep39;d1 08:40:00;DepSeq1;;00:15:00;00:40:00;240;04:50:00;
Dep40;d1 08:44:00;DepSeq1;;00:30:00;01:00:00;1120;07:10:00;
Dep41;d1 08:45:00;DepSeq1;;00:15:00;00:40:00;440;09:40:00;
Dep42;d1 09:04:00;DepSeq1;;00:15:00;00:40:00;230;04:00:00;
Dep43;d1 09:05:00;DepSeq1;;00:15:00;00:40:00;340;07:40:00;
Dep44;d1 09:14:00;DepSeq1;JointDep6;00:30:00;01:00:00;1060;08:00:00;
Dep45;d1 09:14:00;DepSeq1;JointDep6;00:30:00;01:00:00;1060;08:00:00;
Dep46;d1 09:38:00;DepSeq1;;00:30:00;01:00:00;900;07:00:00;
Dep47;d1 10:10:00;DepSeq1;;00:15:00;00:40:00;240;04:50:00;
Dep48;d1 10:32:00;DepSeq1;;00:15:00;00:40:00;440;07:40:00;
Dep49;d1 10:35:00;DepSeq1;;00:15:00;00:40:00;240;04:10:00;
Dep50;d1 10:36:00;DepSeq1;;00:30:00;01:00:00;900;07:00:00;
Dep51;d1 10:42:00;DepSeq1;;00:30:00;01:00:00;2640;19:20:00;
Dep52;d1 11:05:00;DepSeq2;JointDep7;00:15:00;00:40:00;240;05:20:00;
Dep53;d1 11:05:00;DepSeq2;JointDep7;00:15:00;00:40:00;240;05:20:00;
Dep54;d1 11:05:00;DepSeq1;;00:15:00;00:40:00;340;07:40:00;
Dep55;d1 11:34:00;DepSeq2;;00:15:00;00:40:00;530;08:40:00;
Dep56;d1 11:36:00;DepSeq1;JointDep8;00:30:00;01:00:00;900;05:00:00;
Dep57;d1 11:36:00;DepSeq1;JointDep8;00:30:00;01:00:00;900;05:00:00;
Dep58;d1 11:45:00;DepSeq1;;00:15:00;00:40:00;440;09:40:00;
Dep59;d1 12:05:00;DepSeq1;;00:15:00;00:40:00;440;09:40:00;
Dep60;d1 12:10:00;DepSeq1;;00:15:00;00:40:00;240;04:50:00;
Dep61;d1 12:14:00;DepSeq1;;00:30:00;01:00:00;970;05:20:00;
Dep62;d1 12:20:00;DepSeq1;;00:30:00;01:00:00;2060;11:30:00;
Dep63;d1 12:32:00;DepSeq1;;00:15:00;00:40:00;440;07:40:00;
Dep64;d1 12:35:00;DepSeq1;;00:15:00;00:40:00;250;05:00:00;
Dep65;d1 12:35:00;DepSeq2;JointDep9;00:15:00;00:40:00;240;05:20:00;
Dep66;d1 12:35:00;DepSeq2;JointDep9;00:15:00;00:40:00;240;05:20:00;
Dep67;d1 12:35:00;DepSeq1;;00:15:00;00:40:00;470;08:00:00;
Dep68;d1 12:41:00;DepSeq2;JointDep10;00:15:00;00:40:00;310;05:20:00;
Dep69;d1 12:41:00;DepSeq2;JointDep10;00:15:00;00:40:00;310;05:20:00;
Dep70;d1 12:44:00;DepSeq1;JointDep11;00:30:00;01:00:00;2100;14:50:00;
Dep71;d1 12:44:00;DepSeq1;JointDep11;00:30:00;01:00:00;2100;14:50:00;
Dep72;d1 12:45:00;DepSeq1;;00:15:00;00:40:00;440;09:40:00;
Dep73;d1 12:48:00;DepSeq1;;00:15:00;00:40:00;240;04:50:00;
Dep74;d1 13:05:00;DepSeq1;;00:15:00;00:40:00;440;09:40:00;
Dep75;d1 13:10:00;DepSeq1;;00:30:00;01:00:00;1170;06:40:00;
Dep76;d1 13:33:00;DepSeq2;;00:15:00;00:40:00;530;08:40:00;
Dep77;d1 13:35:00;DepSeq1;;00:15:00;00:40:00;340;07:40:00;
Dep78;d1 13:36:00;DepSeq1;JointDep12;00:30:00;01:00:00;900;05:00:00;
Dep79;d1 13:36:00;DepSeq1;JointDep12;00:30:00;01:00:00;900;05:00:00;
Dep80;d1 13:45:00;DepSeq1;;00:15:00;00:40:00;440;09:40:00;
Dep81;d1 13:49:00;DepSeq1;;00:15:00;00:40:00;470;08:00:00;
Dep82;d1 14:04:00;DepSeq1;;00:15:00;00:40:00;470;08:00:00;
Dep83;d1 14:05:00;DepSeq1;;00:15:00;00:40:00;270;05:30:00;
Dep84;d1 14:32:00;DepSeq1;;00:15:00;00:40:00;440;07:40:00;
Dep85;d1 14:33:00;DepSeq2;JointDep13;00:15:00;00:40:00;240;05:20:00;
Dep86;d1 14:33:00;DepSeq2;JointDep13;00:15:00;00:40:00;240;05:20:00;
Dep87;d1 14:44:00;DepSeq1;JointDep14;00:30:00;01:00:00;2100;14:50:00;
Dep88;d1 14:44:00;DepSeq1;JointDep14;00:30:00;01:00:00;2100;14:50:00;
Dep89;d1 14:45:00;DepSeq1;;00:15:00;00:40:00;440;09:40:00;
Dep90;d1 14:50:00;DepSeq1;JointDep15;00:30:00;01:00:00;1880;13:00:00;
Dep91;d1 14:50:00;DepSeq1;JointDep15;00:30:00;01:00:00;1880;13:00:00;
Dep92;d1 14:50:00;DepSeq1;;00:15:00;00:40:00;470;08:00:00;
Dep93;d1 15:05:00;DepSeq1;;00:15:00;00:40:00;440;09:40:00;
Dep94;d1 15:05:00;DepSeq2;JointDep16;00:15:00;00:40:00;240;05:20:00;
Dep95;d1 15:05:00;DepSeq2;JointDep16;00:15:00;00:40:00;240;05:20:00;
Dep96;d1 15:35:00;DepSeq1;;00:15:00;00:40:00;340;07:40:00;
Dep97;d1 15:35:00;DepSeq2;JointDep17;00:15:00;00:40:00;240;05:20:00;
Dep98;d1 15:35:00;DepSeq2;JointDep17;00:15:00;00:40:00;240;05:20:00;
Dep99;d1 15:35:00;DepSeq1;;00:15:00;00:40:00;470;08:00:00;
Dep100;d1 15:36:00;DepSeq1;JointDep18;00:30:00;01:00:00;900;05:00:00;
Dep101;d1 15:36:00;DepSeq1;JointDep18;00:30:00;01:00:00;900;05:00:00;
Dep102;d1 15:44:00;DepSeq1;JointDep19;00:30:00;01:00:00;2470;15:10:00;
Dep103;d1 15:44:00;DepSeq1;JointDep19;00:30:00;01:00:00;2470;15:10:00;
Dep104;d1 15:48:00;DepSeq1;;00:15:00;00:40:00;240;04:50:00;
Dep105;d1 16:02:00;DepSeq1;;00:15:00;00:40:00;240;04:50:00;
Dep106;d1 16:05:00;DepSeq2;JointDep20;00:15:00;00:40:00;240;05:20:00;
Dep107;d1 16:05:00;DepSeq2;JointDep20;00:15:00;00:40:00;240;05:20:00;
Dep108;d1 16:05:00;DepSeq1;;00:15:00;00:40:00;440;09:40:00;
Dep109;d1 16:06:00;DepSeq1;JointDep21;00:15:00;00:40:00;500;10:40:00;
Dep110;d1 16:06:00;DepSeq1;JointDep21;00:15:00;00:40:00;500;10:40:00;
Dep111;d1 16:10:00;DepSeq1;;00:30:00;01:00:00;900;07:00:00;
Dep112;d1 16:16:00;DepSeq1;;00:30:00;01:00:00;2360;12:50:00;
Dep113;d1 16:32:00;DepSeq1;;00:15:00;00:40:00;440;07:40:00;
Dep114;d1 16:35:00;DepSeq2;JointDep22;00:15:00;00:40:00;240;05:20:00;
Dep115;d1 16:35:00;DepSeq2;JointDep22;00:15:00;00:40:00;240;05:20:00;
Dep116;d1 16:35:00;DepSeq1;;00:15:00;00:40:00;250;05:00:00;
Dep117;d1 16:36:00;DepSeq1;;00:30:00;01:00:00;900;07:00:00;
Dep118;d1 16:41:00;DepSeq2;;00:15:00;00:40:00;510;11:10:00;
Dep119;d1 16:45:00;DepSeq1;JointDep23;00:15:00;00:40:00;330;07:40:00;
Dep120;d1 16:45:00;DepSeq1;JointDep23;00:15:00;00:40:00;330;07:40:00;
Dep121;d1 16:48:00;DepSeq1;JointDep24;00:15:00;00:40:00;420;09:50:00;
Dep122;d1 16:48:00;DepSeq1;JointDep24;00:15:00;00:40:00;420;09:50:00;
Dep123;d1 17:02:00;DepSeq1;;00:15:00;00:40:00;440;07:40:00;
Dep124;d1 17:05:00;DepSeq2;;00:15:00;00:40:00;530;08:40:00;
Dep125;d1 17:10:00;DepSeq1;;00:15:00;00:40:00;340;07:40:00;
Dep126;d1 17:11:00;DepSeq2;JointDep25;00:15:00;00:40:00;310;05:20:00;
Dep127;d1 17:11:00;DepSeq2;JointDep25;00:15:00;00:40:00;310;05:20:00;
Dep128;d1 17:20:00;DepSeq1;;00:15:00;00:40:00;460;07:20:00;
Dep129;d1 17:30:00;DepSeq1;;00:30:00;01:00:00;2190;15:30:00;
Dep130;d1 17:32:00;DepSeq1;;00:15:00;00:40:00;440;07:40:00;
Dep131;d1 17:32:00;DepSeq2;JointDep26;00:15:00;00:40:00;240;05:20:00;
Dep132;d1 17:32:00;DepSeq2;JointDep26;00:15:00;00:40:00;240;05:20:00;
Dep133;d1 17:35:00;DepSeq1;JointDep27;00:15:00;00:40:00;340;06:20:00;
Dep134;d1 17:35:00;DepSeq1;JointDep27;00:15:00;00:40:00;340;06:20:00;
Dep135;d1 17:36:00;DepSeq1;;00:30:00;01:00:00;900;07:00:00;
Dep136;d1 17:40:00;DepSeq2;JointDep28;00:15:00;00:40:00;310;05:20:00;
Dep137;d1 17:40:00;DepSeq2;JointDep28;00:15:00;00:40:00;310;05:20:00;
Dep138;d1 17:45:00;DepSeq1;;00:15:00;00:40:00;440;09:40:00;
Dep139;d1 17:48:00;DepSeq1;JointDep29;00:15:00;00:40:00;420;09:50:00;
Dep140;d1 17:48:00;DepSeq1;JointDep29;00:15:00;00:40:00;420;09:50:00;
Dep141;d1 18:05:00;DepSeq2;;00:15:00;00:40:00;530;08:40:00;
Dep142;d1 18:05:00;DepSeq1;;00:15:00;00:40:00;440;09:40:00;
Dep143;d1 18:08:00;DepSeq1;;00:30:00;01:00:00;900;07:00:00;
Dep144;d1 18:09:00;DepSeq1;;00:15:00;00:40:00;470;08:00:00;
Dep145;d1 18:10:00;DepSeq1;;00:15:00;00:40:00;240;04:50:00;
Dep146;d1 18:11:00;DepSeq2;;00:15:00;00:40:00;510;11:10:00;
Dep147;d1 18:14:00;DepSeq1;;00:30:00;01:00:00;2120;12:30:00;
Dep148;d1 18:23:00;DepSeq1;;00:30:00;01:00:00;2640;19:20:00;
Dep149;d1 18:25:00;DepSeq1;;00:15:00;00:40:00;470;08:00:00;
Dep150;d1 18:32:00;DepSeq1;;00:15:00;00:40:00;440;07:40:00;
Dep151;d1 18:35:00;DepSeq1;;00:15:00;00:40:00;550;09:40:00;
Dep152;d1 18:35:00;DepSeq2;JointDep30;00:15:00;00:40:00;240;05:20:00;
Dep153;d1 18:35:00;DepSeq2;JointDep30;00:15:00;00:40:00;240;05:20:00;
Dep154;d1 18:36:00;DepSeq1;;00:30:00;01:00:00;900;07:00:00;
Dep155;d1 18:41:00;DepSeq2;JointDep31;00:15:00;00:40:00;310;05:20:00;
Dep156;d1 18:41:00;DepSeq2;JointDep31;00:15:00;00:40:00;310;05:20:00;
Dep157;d1 18:48:00;DepSeq1;;00:15:00;00:40:00;240;04:50:00;
Dep158;d1 18:50:00;DepSeq1;;00:15:00;00:40:00;340;07:40:00;
Dep159;d1 19:04:00;DepSeq1;;00:15:00;00:40:00;240;04:50:00;
Dep160;d1 19:05:00;DepSeq1;;00:15:00;00:40:00;440;09:40:00;
Dep161;d1 19:05:00;DepSeq2;JointDep32;00:15:00;00:40:00;240;05:20:00;
Dep162;d1 19:05:00;DepSeq2;JointDep32;00:15:00;00:40:00;240;05:20:00;
Dep163;d1 19:18:00;DepSeq1;;00:30:00;01:00:00;2060;11:30:00;
Dep164;d1 19:32:00;DepSeq1;;00:15:00;00:40:00;440;07:40:00;
Dep165;d1 19:35:00;DepSeq2;;00:15:00;00:40:00;530;08:40:00;
Dep166;d1 19:35:00;DepSeq1;;00:15:00;00:40:00;440;09:40:00;
Dep167;d1 19:36:00;DepSeq1;JointDep33;00:30:00;01:00:00;900;05:00:00;
Dep168;d1 19:36:00;DepSeq1;JointDep33;00:30:00;01:00:00;900;05:00:00;
Dep169;d1 19:45:00;DepSeq1;;00:15:00;00:40:00;270;05:30:00;
Dep170;d1 19:48:00;DepSeq1;;00:15:00;00:40:00;240;04:50:00;
Dep171;d1 20:05:00;DepSeq1;;00:15:00;00:40:00;440;09:40:00;
Dep172;d1 20:05:00;DepSeq2;JointDep34;00:15:00;00:40:00;240;05:20:00;
Dep173;d1 20:05:00;DepSeq2;JointDep34;00:15:00;00:40:00;240;05:20:00;
Dep174;d1 20:08:00;DepSeq1;;00:30:00;01:00:00;900;07:00:00;
Dep175;d1 20:31:00;DepSeq2;JointDep35;00:15:00;00:40:00;320;07:30:00;
Dep176;d1 20:31:00;DepSeq2;JointDep35;00:15:00;00:40:00;320;07:30:00;
Dep177;d1 20:32:00;DepSeq1;;00:15:00;00:40:00;440;07:40:00;
Dep178;d1 20:35:00;DepSeq2;JointDep36;00:15:00;00:40:00;240;05:20:00;
Dep179;d1 20:35:00;DepSeq2;JointDep36;00:15:00;00:40:00;240;05:20:00;
Dep180;d1 20:45:00;DepSeq1;;00:15:00;00:40:00;440;09:40:00;
Dep181;d1 20:48:00;DepSeq1;;00:15:00;00:40:00;240;04:50:00;
Dep182;d1 21:05:00;DepSeq2;;00:15:00;00:40:00;530;08:40:00;
Dep183;d1 21:44:00;DepSeq2;;00:15:00;00:40:00;530;08:40:00;
Dep184;d1 21:45:00;DepSeq1;;00:15:00;00:40:00;440;09:40:00;
Dep185;d1 22:43:00;DepSeq2;;00:15:00;00:40:00;530;08:40:00;
Dep186;d1 22:45:00;DepSeq1;;00:15:00;00:40:00;440;09:40:00;
Dep187;d2 00:05:00;DepSeq1;;00:15:00;00:40:00;440;09:40:00;
Dep188;d2 05:05:00;DepSeq1;;00:15:00;08:05:00;340;07:40:00;
Dep189;d2 05:33:00;DepSeq2;;00:15:00;08:33:00;530;08:40:00;
Dep190;d2 05:36:00;DepSeq1;;00:30:00;08:36:00;900;07:00:00;
Dep191;d2 05:56:00;DepSeq1;;00:15:00;08:56:00;580;11:50:00;
Dep192;d2 06:00:00;DepSeq1;;00:15:00;09:00:00;240;04:50:00;
Dep193;d2 06:05:00;DepSeq2;JointDep37;00:15:00;09:05:00;240;05:20:00;
Dep194;d2 06:05:00;DepSeq2;JointDep37;00:15:00;09:05:00;240;05:20:00;
Dep195;d2 06:05:00;DepSeq1;;00:15:00;09:05:00;440;09:40:00;
Dep196;d2 06:10:00;DepSeq1;;00:15:00;09:10:00;240;04:50:00;
Dep197;d2 06:10:00;DepSeq1;;00:30:00;09:10:00;900;07:00:00;
Dep198;d2 06:14:00;DepSeq1;;00:30:00;09:14:00;2060;11:50:00;
Dep199;d2 06:32:00;DepSeq1;;00:15:00;09:32:00;440;07:40:00;
Dep200;d2 06:35:00;DepSeq2;JointDep38;00:15:00;09:35:00;240;05:20:00;
Dep201;d2 06:35:00;DepSeq2;JointDep38;00:15:00;09:35:00;240;05:20:00;
Dep202;d2 06:35:00;DepSeq1;;00:15:00;09:35:00;340;07:40:00;
Dep203;d2 06:44:00;DepSeq1;;00:30:00;09:44:00;1170;06:40:00;
Dep204;d2 06:45:00;DepSeq1;;00:15:00;09:45:00;440;09:40:00;
Dep205;d2 06:48:00;DepSeq1;;00:15:00;09:48:00;240;04:50:00;
Dep206;d2 07:05:00;DepSeq1;;00:15:00;10:05:00;440;09:40:00;
Dep207;d2 07:05:00;DepSeq2;;00:15:00;10:05:00;530;08:40:00;
Dep208;d2 07:11:00;DepSeq2;;00:15:00;10:11:00;510;11:10:00;
Dep209;d2 07:14:00;DepSeq1;;00:30:00;10:14:00;2120;12:30:00;
Dep210;d2 07:18:00;DepSeq1;;00:15:00;10:18:00;260;04:20:00;
Dep211;d2 07:24:00;DepSeq1;;00:15:00;10:24:00;240;04:50:00;
Dep212;d2 07:35:00;DepSeq2;;00:15:00;10:35:00;530;08:40:00;
Dep213;d2 07:35:00;DepSeq1;;00:15:00;10:35:00;440;09:40:00;
Dep214;d2 07:36:00;DepSeq1;;00:30:00;10:36:00;900;07:00:00;
Dep215;d2 07:45:00;DepSeq1;;00:15:00;10:45:00;440;09:40:00;
Dep216;d2 07:48:00;DepSeq1;;00:15:00;10:48:00;440;07:40:00;
Dep217;d2 08:05:00;DepSeq1;;00:15:00;00:40:00;440;09:40:00;
Dep218;d2 08:14:00;DepSeq1;;00:30:00;01:00:00;2190;11:40:00;
Dep219;d2 08:25:00;DepSeq1;;00:30:00;01:00:00;2500;14:50:00;
Dep220;d2 08:33:00;DepSeq1;;00:15:00;00:40:00;440;07:40:00;
Dep221;d2 08:35:00;DepSeq1;JointDep39;00:15:00;00:40:00;480;11:00:00;
Dep222;d2 08:35:00;DepSeq1;JointDep39;00:15:00;00:40:00;480;11:00:00;
Dep223;d2 08:40:00;DepSeq1;;00:15:00;00:40:00;240;04:50:00;
Dep224;d2 08:44:00;DepSeq1;;00:30:00;01:00:00;1120;07:10:00;
Dep225;d2 08:45:00;DepSeq1;;00:15:00;00:40:00;440;09:40:00;
Dep226;d2 09:04:00;DepSeq1;;00:15:00;00:40:00;230;04:00:00;
Dep227;d2 09:05:00;DepSeq1;;00:15:00;00:40:00;340;07:40:00;
Dep228;d2 09:14:00;DepSeq1;JointDep40;00:30:00;01:00:00;1060;08:00:00;
Dep229;d2 09:14:00;DepSeq1;JointDep40;00:30:00;01:00:00;1060;08:00:00;
Dep230;d2 09:38:00;DepSeq1;;00:30:00;01:00:00;900;07:00:00;
Dep231;d2 10:10:00;DepSeq1;;00:15:00;00:40:00;240;04:50:00;
Dep232;d2 10:32:00;DepSeq1;;00:15:00;00:40:00;440;07:40:00;
Dep233;d2 10:35:00;DepSeq1;;00:15:00;00:40:00;240;04:10:00;
Dep234;d2 10:36:00;DepSeq1;;00:30:00;01:00:00;900;07:00:00;
Dep235;d2 10:42:00;DepSeq1;;00:30:00;01:00:00;2640;19:20:00;
Dep236;d2 11:05:00;DepSeq1;;00:15:00;00:40:00;340;07:40:00;
Dep237;d2 11:05:00;DepSeq2;JointDep41;00:15:00;00:40:00;240;05:20:00;
Dep238;d2 11:05:00;DepSeq2;JointDep41;00:15:00;00:40:00;240;05:20:00;
Dep239;d2 11:30:00;DepSeq1;;00:15:00;00:40:00;470;08:00:00;
Dep240;d2 11:34:00;DepSeq2;;00:15:00;00:40:00;530;08:40:00;
Dep241;d2 11:36:00;DepSeq1;;00:30:00;01:00:00;900;07:00:00;
Dep242;d2 11:40:00;DepSeq1;;00:30:00;01:00:00;2060;11:30:00;
Dep243;d2 11:45:00;DepSeq1;;00:15:00;00:40:00;440;09:40:00;
Dep244;d2 12:05:00;DepSeq1;;00:15:00;00:40:00;440;09:40:00;
Dep245;d2 12:10:00;DepSeq1;;00:15:00;00:40:00;240;04:50:00;
Dep246;d2 12:14:00;DepSeq1;;00:30:00;01:00:00;970;05:20:00;
Dep247;d2 12:32:00;DepSeq1;;00:15:00;00:40:00;440;07:40:00;
Dep248;d2 12:35:00;DepSeq1;;00:15:00;00:40:00;250;05:00:00;
Dep249;d2 12:35:00;DepSeq2;JointDep42;00:15:00;00:40:00;240;05:20:00;
Dep250;d2 12:35:00;DepSeq2;JointDep42;00:15:00;00:40:00;240;05:20:00;
Dep251;d2 12:41:00;DepSeq2;JointDep43;00:15:00;00:40:00;310;05:20:00;
Dep252;d2 12:41:00;DepSeq2;JointDep43;00:15:00;00:40:00;310;05:20:00;
Dep253;d2 12:44:00;DepSeq1;;00:30:00;01:00:00;2370;12:40:00;
Dep254;d2 12:45:00;DepSeq1;;00:15:00;00:40:00;440;09:40:00;
Dep255;d2 12:48:00;DepSeq1;;00:15:00;00:40:00;240;04:50:00;
Dep256;d2 13:05:00;DepSeq1;;00:15:00;00:40:00;440;09:40:00;
Dep257;d2 13:10:00;DepSeq1;;00:30:00;01:00:00;1170;06:40:00;
Dep258;d2 13:33:00;DepSeq2;;00:15:00;00:40:00;530;08:40:00;
Dep259;d2 13:35:00;DepSeq1;;00:15:00;00:40:00;340;07:40:00;
Dep260;d2 13:36:00;DepSeq1;JointDep44;00:30:00;01:00:00;900;05:00:00;
Dep261;d2 13:36:00;DepSeq1;JointDep44;00:30:00;01:00:00;900;05:00:00;
Dep262;d2 13:45:00;DepSeq1;;00:15:00;00:40:00;440;09:40:00;
Dep263;d2 14:05:00;DepSeq1;;00:15:00;00:40:00;270;05:30:00;
Dep264;d2 14:32:00;DepSeq1;;00:15:00;00:40:00;440;07:40:00;
Dep265;d2 14:33:00;DepSeq2;JointDep45;00:15:00;00:40:00;240;05:20:00;
Dep266;d2 14:33:00;DepSeq2;JointDep45;00:15:00;00:40:00;240;05:20:00;
Dep267;d2 14:36:00;DepSeq1;;00:30:00;01:00:00;900;07:00:00;
Dep268;d2 14:44:00;DepSeq1;JointDep46;00:30:00;01:00:00;2100;14:50:00;
Dep269;d2 14:44:00;DepSeq1;JointDep46;00:30:00;01:00:00;2100;14:50:00;
Dep270;d2 14:45:00;DepSeq1;;00:15:00;00:40:00;440;09:40:00;
Dep271;d2 15:05:00;DepSeq2;JointDep47;00:15:00;00:40:00;240;05:20:00;
Dep272;d2 15:05:00;DepSeq2;JointDep47;00:15:00;00:40:00;240;05:20:00;
Dep273;d2 15:05:00;DepSeq1;;00:15:00;00:40:00;440;09:40:00;
Dep274;d2 15:35:00;DepSeq1;;00:15:00;00:40:00;340;07:40:00;
Dep275;d2 15:35:00;DepSeq2;JointDep48;00:15:00;00:40:00;240;05:20:00;
Dep276;d2 15:35:00;DepSeq2;JointDep48;00:15:00;00:40:00;240;05:20:00;
Dep277;d2 15:36:00;DepSeq1;;00:30:00;01:00:00;900;07:00:00;
Dep278;d2 15:44:00;DepSeq1;JointDep49;00:30:00;01:00:00;2470;15:10:00;
Dep279;d2 15:44:00;DepSeq1;JointDep49;00:30:00;01:00:00;2470;15:10:00;
Dep280;d2 15:48:00;DepSeq1;;00:15:00;00:40:00;240;04:50:00;
Dep281;d2 15:59:00;DepSeq1;;00:15:00;00:40:00;470;08:00:00;
Dep282;d2 16:02:00;DepSeq1;;00:15:00;00:40:00;240;04:50:00;
Dep283;d2 16:05:00;DepSeq2;JointDep50;00:15:00;00:40:00;240;05:20:00;
Dep284;d2 16:05:00;DepSeq2;JointDep50;00:15:00;00:40:00;240;05:20:00;
Dep285;d2 16:05:00;DepSeq1;;00:15:00;00:40:00;440;09:40:00;
Dep286;d2 16:06:00;DepSeq1;JointDep51;00:15:00;00:40:00;500;10:40:00;
Dep287;d2 16:06:00;DepSeq1;JointDep51;00:15:00;00:40:00;500;10:40:00;
Dep288;d2 16:10:00;DepSeq1;;00:30:00;01:00:00;900;07:00:00;
Dep289;d2 16:16:00;DepSeq1;;00:30:00;01:00:00;2360;12:50:00;
Dep290;d2 16:28:00;DepSeq1;JointDep52;00:30:00;01:00:00;1880;13:00:00;
Dep291;d2 16:28:00;DepSeq1;JointDep52;00:30:00;01:00:00;1880;13:00:00;
Dep292;d2 16:32:00;DepSeq1;;00:15:00;00:40:00;440;07:40:00;
Dep293;d2 16:35:00;DepSeq1;;00:15:00;00:40:00;250;05:00:00;
Dep294;d2 16:35:00;DepSeq2;JointDep53;00:15:00;00:40:00;240;05:20:00;
Dep295;d2 16:35:00;DepSeq2;JointDep53;00:15:00;00:40:00;240;05:20:00;
Dep296;d2 16:41:00;DepSeq2;;00:15:00;00:40:00;510;11:10:00;
Dep297;d2 16:45:00;DepSeq1;JointDep54;00:15:00;00:40:00;330;07:40:00;
Dep298;d2 16:45:00;DepSeq1;JointDep54;00:15:00;00:40:00;330;07:40:00;
Dep299;d2 16:48:00;DepSeq1;JointDep55;00:15:00;00:40:00;420;09:50:00;
Dep300;d2 16:48:00;DepSeq1;JointDep55;00:15:00;00:40:00;420;09:50:00;
Dep301;d2 16:58:00;DepSeq1;;00:30:00;01:00:00;2060;11:30:00;
Dep302;d2 17:02:00;DepSeq1;;00:15:00;00:40:00;440;07:40:00;
Dep303;d2 17:05:00;DepSeq2;;00:15:00;00:40:00;530;08:40:00;
Dep304;d2 17:10:00;DepSeq1;;00:15:00;00:40:00;340;07:40:00;
Dep305;d2 17:11:00;DepSeq2;JointDep56;00:15:00;00:40:00;310;05:20:00;
Dep306;d2 17:11:00;DepSeq2;JointDep56;00:15:00;00:40:00;310;05:20:00;
Dep307;d2 17:20:00;DepSeq1;;00:15:00;00:40:00;460;07:20:00;
Dep308;d2 17:30:00;DepSeq1;;00:30:00;01:00:00;2190;15:30:00;
Dep309;d2 17:32:00;DepSeq2;JointDep57;00:15:00;00:40:00;240;05:20:00;
Dep310;d2 17:32:00;DepSeq2;JointDep57;00:15:00;00:40:00;240;05:20:00;
Dep311;d2 17:32:00;DepSeq1;;00:15:00;00:40:00;440;07:40:00;
Dep312;d2 17:35:00;DepSeq1;JointDep58;00:15:00;00:40:00;340;06:20:00;
Dep313;d2 17:35:00;DepSeq1;JointDep58;00:15:00;00:40:00;340;06:20:00;
Dep314;d2 17:36:00;DepSeq1;;00:30:00;01:00:00;900;07:00:00;
Dep315;d2 17:40:00;DepSeq2;JointDep59;00:15:00;00:40:00;310;05:20:00;
Dep316;d2 17:40:00;DepSeq2;JointDep59;00:15:00;00:40:00;310;05:20:00;
Dep317;d2 17:45:00;DepSeq1;;00:15:00;00:40:00;440;09:40:00;
Dep318;d2 17:48:00;DepSeq1;JointDep60;00:15:00;00:40:00;420;09:50:00;
Dep319;d2 17:48:00;DepSeq1;JointDep60;00:15:00;00:40:00;420;09:50:00;
Dep320;d2 18:05:00;DepSeq1;;00:15:00;00:40:00;440;09:40:00;
Dep321;d2 18:05:00;DepSeq2;;00:15:00;00:40:00;530;08:40:00;
Dep322;d2 18:08:00;DepSeq1;;00:30:00;01:00:00;900;07:00:00;
Dep323;d2 18:10:00;DepSeq1;;00:15:00;00:40:00;240;04:50:00;
Dep324;d2 18:11:00;DepSeq2;;00:15:00;00:40:00;510;11:10:00;
Dep325;d2 18:14:00;DepSeq1;;00:30:00;01:00:00;2640;19:20:00;
Dep326;d2 18:32:00;DepSeq1;;00:15:00;00:40:00;440;07:40:00;
Dep327;d2 18:35:00;DepSeq2;JointDep61;00:15:00;00:40:00;240;05:20:00;
Dep328;d2 18:35:00;DepSeq2;JointDep61;00:15:00;00:40:00;240;05:20:00;
Dep329;d2 18:35:00;DepSeq1;;00:15:00;00:40:00;550;09:40:00;
Dep330;d2 18:36:00;DepSeq1;;00:30:00;01:00:00;900;07:00:00;
Dep331;d2 18:41:00;DepSeq2;JointDep62;00:15:00;00:40:00;310;05:20:00;
Dep332;d2 18:41:00;DepSeq2;JointDep62;00:15:00;00:40:00;310;05:20:00;
Dep333;d2 18:44:00;DepSeq1;;00:15:00;00:40:00;470;08:00:00;
Dep334;d2 18:48:00;DepSeq1;;00:15:00;00:40:00;240;04:50:00;
Dep335;d2 18:50:00;DepSeq1;;00:15:00;00:40:00;340;07:40:00;
Dep336;d2 19:04:00;DepSeq1;;00:15:00;00:40:00;240;04:50:00;
Dep337;d2 19:05:00;DepSeq2;JointDep63;00:15:00;00:40:00;240;05:20:00;
Dep338;d2 19:05:00;DepSeq2;JointDep63;00:15:00;00:40:00;240;05:20:00;
Dep339;d2 19:05:00;DepSeq1;;00:15:00;00:40:00;440;09:40:00;
Dep340;d2 19:32:00;DepSeq1;;00:15:00;00:40:00;440;07:40:00;
Dep341;d2 19:35:00;DepSeq1;;00:15:00;00:40:00;440;09:40:00;
Dep342;d2 19:35:00;DepSeq2;;00:15:00;00:40:00;530;08:40:00;
Dep343;d2 19:36:00;DepSeq1;JointDep64;00:30:00;01:00:00;900;05:00:00;
Dep344;d2 19:36:00;DepSeq1;JointDep64;00:30:00;01:00:00;900;05:00:00;
Dep345;d2 19:45:00;DepSeq1;;00:15:00;00:40:00;270;05:30:00;
Dep346;d2 19:48:00;DepSeq1;;00:15:00;00:40:00;240;04:50:00;
Dep347;d2 20:05:00;DepSeq1;;00:15:00;00:40:00;440;09:40:00;
Dep348;d2 20:05:00;DepSeq2;JointDep65;00:15:00;00:40:00;240;05:20:00;
Dep349;d2 20:05:00;DepSeq2;JointDep65;00:15:00;00:40:00;240;05:20:00;
Dep350;d2 20:08:00;DepSeq1;;00:30:00;01:00:00;900;07:00:00;
Dep351;d2 20:31:00;DepSeq2;JointDep66;00:15:00;00:40:00;320;07:30:00;
Dep352;d2 20:31:00;DepSeq2;JointDep66;00:15:00;00:40:00;320;07:30:00;
Dep353;d2 20:32:00;DepSeq1;;00:15:00;00:40:00;440;07:40:00;
Dep354;d2 20:35:00;DepSeq2;JointDep67;00:15:00;00:40:00;240;05:20:00;
Dep355;d2 20:35:00;DepSeq2;JointDep67;00:15:00;00:40:00;240;05:20:00;
Dep356;d2 20:45:00;DepSeq1;;00:15:00;00:40:00;440;09:40:00;
Dep357;d2 20:48:00;DepSeq1;;00:15:00;00:40:00;240;04:50:00;
Dep358;d2 21:05:00;DepSeq2;;00:15:00;00:40:00;530;08:40:00;
Dep359;d2 21:44:00;DepSeq2;;00:15:00;00:40:00;530;08:40:00;
Dep360;d2 21:45:00;DepSeq1;;00:15:00;00:40:00;440;09:40:00;
Dep361;d2 22:43:00;DepSeq2;;00:15:00;00:40:00;530;08:40:00;
Dep362;d2 22:45:00;DepSeq1;;00:15:00;00:40:00;440;09:40:00;
Dep363;d3 00:05:00;DepSeq1;;00:15:00;00:40:00;440;09:40:00;
Dep364;d3 05:05:00;DepSeq1;;00:15:00;08:05:00;340;07:40:00;
Dep365;d3 05:33:00;DepSeq2;;00:15:00;08:33:00;530;08:40:00;
Dep366;d3 05:36:00;DepSeq1;;00:30:00;08:36:00;900;07:00:00;
Dep367;d3 05:56:00;DepSeq1;;00:15:00;08:56:00;580;11:50:00;
Dep368;d3 06:00:00;DepSeq1;;00:15:00;09:00:00;240;04:50:00;
Dep369;d3 06:05:00;DepSeq1;;00:15:00;09:05:00;440;09:40:00;
Dep370;d3 06:05:00;DepSeq2;JointDep68;00:15:00;09:05:00;240;05:20:00;
Dep371;d3 06:05:00;DepSeq2;JointDep68;00:15:00;09:05:00;240;05:20:00;
Dep372;d3 06:10:00;DepSeq1;;00:30:00;09:10:00;900;07:00:00;
Dep373;d3 06:10:00;DepSeq1;;00:15:00;09:10:00;240;04:50:00;
Dep374;d3 06:14:00;DepSeq1;;00:30:00;09:14:00;2060;11:50:00;
Dep375;d3 06:32:00;DepSeq1;;00:15:00;09:32:00;440;07:40:00;
Dep376;d3 06:35:00;DepSeq2;JointDep69;00:15:00;09:35:00;240;05:20:00;
Dep377;d3 06:35:00;DepSeq2;JointDep69;00:15:00;09:35:00;240;05:20:00;
Dep378;d3 06:35:00;DepSeq1;;00:15:00;09:35:00;340;07:40:00;
Dep379;d3 06:44:00;DepSeq1;;00:30:00;09:44:00;1170;06:40:00;
Dep380;d3 06:45:00;DepSeq1;;00:15:00;09:45:00;440;09:40:00;
Dep381;d3 06:48:00;DepSeq1;;00:15:00;09:48:00;240;04:50:00;
Dep382;d3 07:05:00;DepSeq2;;00:15:00;10:05:00;530;08:40:00;
Dep383;d3 07:05:00;DepSeq1;;00:15:00;10:05:00;440;09:40:00;
Dep384;d3 07:11:00;DepSeq2;;00:15:00;10:11:00;510;11:10:00;
Dep385;d3 07:14:00;DepSeq1;;00:30:00;10:14:00;2120;12:30:00;
Dep386;d3 07:18:00;DepSeq1;;00:15:00;10:18:00;260;04:20:00;
Dep387;d3 07:24:00;DepSeq1;;00:15:00;10:24:00;240;04:50:00;
Dep388;d3 07:35:00;DepSeq2;;00:15:00;10:35:00;530;08:40:00;
Dep389;d3 07:35:00;DepSeq1;;00:15:00;10:35:00;440;09:40:00;
Dep390;d3 07:36:00;DepSeq1;;00:30:00;10:36:00;900;07:00:00;
Dep391;d3 07:45:00;DepSeq1;;00:15:00;10:45:00;440;09:40:00;
Dep392;d3 07:48:00;DepSeq1;;00:15:00;10:48:00;440;07:40:00;
Dep393;d3 08:05:00;DepSeq1;;00:15:00;00:40:00;440;09:40:00;
Dep394;d3 08:14:00;DepSeq1;;00:30:00;01:00:00;2190;11:40:00;
Dep395;d3 08:25:00;DepSeq1;JointDep70;00:30:00;01:00:00;1880;13:00:00;
Dep396;d3 08:25:00;DepSeq1;JointDep70;00:30:00;01:00:00;1880;13:00:00;
Dep397;d3 08:33:00;DepSeq1;;00:15:00;00:40:00;440;07:40:00;
Dep398;d3 08:35:00;DepSeq1;JointDep71;00:15:00;00:40:00;480;11:00:00;
Dep399;d3 08:35:00;DepSeq1;JointDep71;00:15:00;00:40:00;480;11:00:00;
Dep400;d3 08:40:00;DepSeq1;;00:15:00;00:40:00;240;04:50:00;
Dep401;d3 08:44:00;DepSeq1;;00:30:00;01:00:00;1120;07:10:00;
Dep402;d3 08:45:00;DepSeq1;;00:15:00;00:40:00;440;09:40:00;
Dep403;d3 09:04:00;DepSeq1;;00:15:00;00:40:00;230;04:00:00;
Dep404;d3 09:05:00;DepSeq1;;00:15:00;00:40:00;340;07:40:00;
Dep405;d3 09:14:00;DepSeq1;;00:30:00;01:00:00;1170;06:40:00;
Dep406;d3 09:38:00;DepSeq1;;00:30:00;01:00:00;900;07:00:00;
Dep407;d3 10:03:00;DepSeq1;;00:15:00;00:40:00;470;08:00:00;
Dep408;d3 10:10:00;DepSeq1;;00:15:00;00:40:00;240;04:50:00;
Dep409;d3 10:32:00;DepSeq1;;00:15:00;00:40:00;440;07:40:00;
Dep410;d3 10:35:00;DepSeq1;;00:15:00;00:40:00;240;04:10:00;
Dep411;d3 10:36:00;DepSeq1;;00:30:00;01:00:00;900;07:00:00;
Dep412;d3 10:42:00;DepSeq1;;00:30:00;01:00:00;2640;19:20:00;
Dep413;d3 11:05:00;DepSeq2;JointDep72;00:15:00;00:40:00;240;05:20:00;
Dep414;d3 11:05:00;DepSeq2;JointDep72;00:15:00;00:40:00;240;05:20:00;
Dep415;d3 11:05:00;DepSeq1;;00:15:00;00:40:00;340;07:40:00;
Dep416;d3 11:34:00;DepSeq2;;00:15:00;00:40:00;530;08:40:00;
Dep417;d3 11:36:00;DepSeq1;;00:30:00;01:00:00;900;07:00:00;
Dep418;d3 11:45:00;DepSeq1;;00:15:00;00:40:00;440;09:40:00;
Dep419;d3 11:58:00;DepSeq1;;00:15:00;00:40:00;470;08:00:00;
Dep420;d3 12:05:00;DepSeq1;;00:15:00;00:40:00;440;09:40:00;
Dep421;d3 12:10:00;DepSeq1;;00:15:00;00:40:00;240;04:50:00;
Dep422;d3 12:14:00;DepSeq1;;00:30:00;01:00:00;970;05:20:00;
Dep423;d3 12:29:00;DepSeq1;;00:30:00;01:00:00;2060;11:30:00;
Dep424;d3 12:32:00;DepSeq1;;00:15:00;00:40:00;440;07:40:00;
Dep425;d3 12:35:00;DepSeq1;;00:15:00;00:40:00;250;05:00:00;
Dep426;d3 12:35:00;DepSeq2;JointDep73;00:15:00;00:40:00;240;05:20:00;
Dep427;d3 12:35:00;DepSeq2;JointDep73;00:15:00;00:40:00;240;05:20:00;
Dep428;d3 12:41:00;DepSeq2;JointDep74;00:15:00;00:40:00;310;05:20:00;
Dep429;d3 12:41:00;DepSeq2;JointDep74;00:15:00;00:40:00;310;05:20:00;
Dep430;d3 12:44:00;DepSeq1;;00:30:00;01:00:00;2370;12:40:00;
Dep431;d3 12:45:00;DepSeq1;;00:15:00;00:40:00;440;09:40:00;
Dep432;d3 12:48:00;DepSeq1;;00:15:00;00:40:00;240;04:50:00;
Dep433;d3 13:05:00;DepSeq1;;00:15:00;00:40:00;440;09:40:00;
Dep434;d3 13:05:00;DepSeq1;;00:15:00;00:40:00;470;08:00:00;
Dep435;d3 13:10:00;DepSeq1;;00:30:00;01:00:00;1170;06:40:00;
Dep436;d3 13:10:00;DepSeq1;;00:15:00;00:40:00;470;08:00:00;
Dep437;d3 13:33:00;DepSeq2;;00:15:00;00:40:00;530;08:40:00;
Dep438;d3 13:35:00;DepSeq1;;00:15:00;00:40:00;340;07:40:00;
Dep439;d3 13:36:00;DepSeq1;JointDep75;00:30:00;01:00:00;900;05:00:00;
Dep440;d3 13:36:00;DepSeq1;JointDep75;00:30:00;01:00:00;900;05:00:00;
Dep441;d3 13:45:00;DepSeq1;;00:15:00;00:40:00;440;09:40:00;
Dep442;d3 14:05:00;DepSeq1;;00:15:00;00:40:00;270;05:30:00;
Dep443;d3 14:32:00;DepSeq1;;00:15:00;00:40:00;440;07:40:00;
Dep444;d3 14:33:00;DepSeq2;JointDep76;00:15:00;00:40:00;240;05:20:00;
Dep445;d3 14:33:00;DepSeq2;JointDep76;00:15:00;00:40:00;240;05:20:00;
Dep446;d3 14:36:00;DepSeq1;;00:30:00;01:00:00;900;07:00:00;
Dep447;d3 14:44:00;DepSeq1;JointDep77;00:30:00;01:00:00;2100;14:50:00;
Dep448;d3 14:44:00;DepSeq1;JointDep77;00:30:00;01:00:00;2100;14:50:00;
Dep449;d3 14:45:00;DepSeq1;;00:15:00;00:40:00;440;09:40:00;
Dep450;d3 15:05:00;DepSeq1;;00:15:00;00:40:00;440;09:40:00;
Dep451;d3 15:05:00;DepSeq2;JointDep78;00:15:00;00:40:00;240;05:20:00;
Dep452;d3 15:05:00;DepSeq2;JointDep78;00:15:00;00:40:00;240;05:20:00;
Dep453;d3 15:35:00;DepSeq2;JointDep79;00:15:00;00:40:00;240;05:20:00;
Dep454;d3 15:35:00;DepSeq2;JointDep79;00:15:00;00:40:00;240;05:20:00;
Dep455;d3 15:35:00;DepSeq1;;00:15:00;00:40:00;340;07:40:00;
Dep456;d3 15:36:00;DepSeq1;;00:30:00;01:00:00;900;07:00:00;
Dep457;d3 15:44:00;DepSeq1;JointDep80;00:30:00;01:00:00;2470;15:10:00;
Dep458;d3 15:44:00;DepSeq1;JointDep80;00:30:00;01:00:00;2470;15:10:00;
Dep459;d3 15:48:00;DepSeq1;;00:15:00;00:40:00;240;04:50:00;
Dep460;d3 16:02:00;DepSeq1;;00:15:00;00:40:00;240;04:50:00;
Dep461;d3 16:05:00;DepSeq1;;00:15:00;00:40:00;440;09:40:00;
Dep462;d3 16:05:00;DepSeq2;JointDep81;00:15:00;00:40:00;240;05:20:00;
Dep463;d3 16:05:00;DepSeq2;JointDep81;00:15:00;00:40:00;240;05:20:00;
Dep464;d3 16:06:00;DepSeq1;JointDep82;00:15:00;00:40:00;500;10:40:00;
Dep465;d3 16:06:00;DepSeq1;JointDep82;00:15:00;00:40:00;500;10:40:00;
Dep466;d3 16:10:00;DepSeq1;;00:30:00;01:00:00;900;07:00:00;
Dep467;d3 16:16:00;DepSeq1;;00:30:00;01:00:00;2360;12:50:00;
Dep468;d3 16:28:00;DepSeq1;JointDep83;00:30:00;01:00:00;1880;13:00:00;
Dep469;d3 16:28:00;DepSeq1;JointDep83;00:30:00;01:00:00;1880;13:00:00;
Dep470;d3 16:32:00;DepSeq1;;00:15:00;00:40:00;440;07:40:00;
Dep471;d3 16:35:00;DepSeq2;JointDep84;00:15:00;00:40:00;240;05:20:00;
Dep472;d3 16:35:00;DepSeq2;JointDep84;00:15:00;00:40:00;240;05:20:00;
Dep473;d3 16:35:00;DepSeq1;;00:15:00;00:40:00;250;05:00:00;
Dep474;d3 16:41:00;DepSeq2;;00:15:00;00:40:00;510;11:10:00;
Dep475;d3 16:45:00;DepSeq1;JointDep85;00:15:00;00:40:00;330;07:40:00;
Dep476;d3 16:45:00;DepSeq1;JointDep85;00:15:00;00:40:00;330;07:40:00;
Dep477;d3 16:48:00;DepSeq1;;00:15:00;00:40:00;240;04:50:00;
Dep478;d3 17:02:00;DepSeq1;;00:15:00;00:40:00;440;07:40:00;
Dep479;d3 17:02:00;DepSeq1;;00:15:00;00:40:00;470;08:00:00;
Dep480;d3 17:05:00;DepSeq2;;00:15:00;00:40:00;530;08:40:00;
Dep481;d3 17:10:00;DepSeq1;;00:15:00;00:40:00;340;07:40:00;
Dep482;d3 17:11:00;DepSeq2;JointDep86;00:15:00;00:40:00;310;05:20:00;
Dep483;d3 17:11:00;DepSeq2;JointDep86;00:15:00;00:40:00;310;05:20:00;
Dep484;d3 17:20:00;DepSeq1;;00:15:00;00:40:00;460;07:20:00;
Dep485;d3 17:30:00;DepSeq1;;00:30:00;01:00:00;2190;15:30:00;
Dep486;d3 17:32:00;DepSeq2;JointDep87;00:15:00;00:40:00;240;05:20:00;
Dep487;d3 17:32:00;DepSeq2;JointDep87;00:15:00;00:40:00;240;05:20:00;
Dep488;d3 17:32:00;DepSeq1;;00:15:00;00:40:00;440;07:40:00;
Dep489;d3 17:35:00;DepSeq1;JointDep88;00:15:00;00:40:00;340;06:20:00;
Dep490;d3 17:35:00;DepSeq1;JointDep88;00:15:00;00:40:00;340;06:20:00;
Dep491;d3 17:36:00;DepSeq1;;00:30:00;01:00:00;900;07:00:00;
Dep492;d3 17:40:00;DepSeq2;JointDep89;00:15:00;00:40:00;310;05:20:00;
Dep493;d3 17:40:00;DepSeq2;JointDep89;00:15:00;00:40:00;310;05:20:00;
Dep494;d3 17:45:00;DepSeq1;;00:15:00;00:40:00;440;09:40:00;
Dep495;d3 17:48:00;DepSeq1;JointDep90;00:15:00;00:40:00;420;09:50:00;
Dep496;d3 17:48:00;DepSeq1;JointDep90;00:15:00;00:40:00;420;09:50:00;
Dep497;d3 18:05:00;DepSeq1;;00:15:00;00:40:00;440;09:40:00;
Dep498;d3 18:05:00;DepSeq2;;00:15:00;00:40:00;530;08:40:00;
Dep499;d3 18:08:00;DepSeq1;;00:30:00;01:00:00;900;07:00:00;
Dep500;d3 18:10:00;DepSeq1;;00:15:00;00:40:00;240;04:50:00;
Dep501;d3 18:11:00;DepSeq2;;00:15:00;00:40:00;510;11:10:00;
Dep502;d3 18:14:00;DepSeq1;;00:30:00;01:00:00;2640;19:20:00;
Dep503;d3 18:17:00;DepSeq1;;00:30:00;01:00:00;2060;11:30:00;
Dep504;d3 18:32:00;DepSeq1;;00:15:00;00:40:00;440;07:40:00;
Dep505;d3 18:35:00;DepSeq2;JointDep91;00:15:00;00:40:00;240;05:20:00;
Dep506;d3 18:35:00;DepSeq2;JointDep91;00:15:00;00:40:00;240;05:20:00;
Dep507;d3 18:35:00;DepSeq1;;00:15:00;00:40:00;550;09:40:00;
Dep508;d3 18:36:00;DepSeq1;;00:30:00;01:00:00;900;07:00:00;
Dep509;d3 18:41:00;DepSeq2;JointDep92;00:15:00;00:40:00;310;05:20:00;
Dep510;d3 18:41:00;DepSeq2;JointDep92;00:15:00;00:40:00;310;05:20:00;
Dep511;d3 18:48:00;DepSeq1;;00:15:00;00:40:00;240;04:50:00;
Dep512;d3 18:50:00;DepSeq1;;00:15:00;00:40:00;340;07:40:00;
Dep513;d3 18:52:00;DepSeq1;;00:30:00;01:00:00;2060;11:30:00;
Dep514;d3 19:04:00;DepSeq1;;00:15:00;00:40:00;240;04:50:00;
Dep515;d3 19:05:00;DepSeq1;;00:15:00;00:40:00;440;09:40:00;
Dep516;d3 19:05:00;DepSeq2;JointDep93;00:15:00;00:40:00;240;05:20:00;
Dep517;d3 19:05:00;DepSeq2;JointDep93;00:15:00;00:40:00;240;05:20:00;
Dep518;d3 19:32:00;DepSeq1;;00:15:00;00:40:00;440;07:40:00;
Dep519;d3 19:35:00;DepSeq1;;00:15:00;00:40:00;440;09:40:00;
Dep520;d3 19:35:00;DepSeq2;;00:15:00;00:40:00;530;08:40:00;
Dep521;d3 19:36:00;DepSeq1;JointDep94;00:30:00;01:00:00;900;05:00:00;
Dep522;d3 19:36:00;DepSeq1;JointDep94;00:30:00;01:00:00;900;05:00:00;
Dep523;d3 19:45:00;DepSeq1;;00:15:00;00:40:00;270;05:30:00;
Dep524;d3 19:48:00;DepSeq1;;00:15:00;00:40:00;240;04:50:00;
Dep525;d3 20:05:00;DepSeq2;JointDep95;00:15:00;00:40:00;240;05:20:00;
Dep526;d3 20:05:00;DepSeq2;JointDep95;00:15:00;00:40:00;240;05:20:00;
Dep527;d3 20:05:00;DepSeq1;;00:15:00;00:40:00;440;09:40:00;
Dep528;d3 20:08:00;DepSeq1;;00:30:00;01:00:00;900;07:00:00;
Dep529;d3 20:31:00;DepSeq2;JointDep96;00:15:00;00:40:00;320;07:30:00;
Dep530;d3 20:31:00;DepSeq2;JointDep96;00:15:00;00:40:00;320;07:30:00;
Dep531;d3 20:32:00;DepSeq1;;00:15:00;00:40:00;440;07:40:00;
Dep532;d3 20:35:00;DepSeq2;JointDep97;00:15:00;00:40:00;240;05:20:00;
Dep533;d3 20:35:00;DepSeq2;JointDep97;00:15:00;00:40:00;240;05:20:00;
Dep534;d3 20:45:00;DepSeq1;;00:15:00;00:40:00;440;09:40:00;
Dep535;d3 20:48:00;DepSeq1;;00:15:00;00:40:00;240;04:50:00;
Dep536;d3 21:05:00;DepSeq2;;00:15:00;00:40:00;530;08:40:00;
Dep537;d3 21:44:00;DepSeq2;;00:15:00;00:40:00;530;08:40:00;
Dep538;d3 21:45:00;DepSeq1;;00:15:00;00:40:00;440;09:40:00;
Dep539;d3 22:43:00;DepSeq2;;00:15:00;00:40:00;530;08:40:00;
Dep540;d3 22:45:00;DepSeq1;;00:15:00;00:40:00;440;09:40:00;
Dep541;d4 00:05:00;DepSeq1;;00:15:00;00:40:00;440;09:40:00;
Dep542;d4 05:05:00;DepSeq1;;00:15:00;08:05:00;340;07:40:00;
Dep543;d4 05:33:00;DepSeq2;;00:15:00;08:33:00;530;08:40:00;
Dep544;d4 05:36:00;DepSeq1;;00:30:00;08:36:00;900;07:00:00;
Dep545;d4 05:56:00;DepSeq1;;00:15:00;08:56:00;580;11:50:00;
Dep546;d4 06:00:00;DepSeq1;;00:15:00;09:00:00;240;04:50:00;
Dep547;d4 06:05:00;DepSeq2;JointDep98;00:15:00;09:05:00;240;05:20:00;
Dep548;d4 06:05:00;DepSeq2;JointDep98;00:15:00;09:05:00;240;05:20:00;
Dep549;d4 06:05:00;DepSeq1;;00:15:00;09:05:00;440;09:40:00;
Dep550;d4 06:10:00;DepSeq1;;00:30:00;09:10:00;900;07:00:00;
Dep551;d4 06:10:00;DepSeq1;;00:15:00;09:10:00;240;04:50:00;
Dep552;d4 06:14:00;DepSeq1;;00:30:00;09:14:00;2060;11:50:00;
Dep553;d4 06:32:00;DepSeq1;;00:15:00;09:32:00;440;07:40:00;
Dep554;d4 06:35:00;DepSeq2;JointDep99;00:15:00;09:35:00;240;05:20:00;
Dep555;d4 06:35:00;DepSeq2;JointDep99;00:15:00;09:35:00;240;05:20:00;
Dep556;d4 06:35:00;DepSeq1;;00:15:00;09:35:00;340;07:40:00;
Dep557;d4 06:44:00;DepSeq1;;00:30:00;09:44:00;1170;06:40:00;
Dep558;d4 06:45:00;DepSeq1;;00:15:00;09:45:00;440;09:40:00;
Dep559;d4 06:48:00;DepSeq1;;00:15:00;09:48:00;240;04:50:00;
Dep560;d4 07:05:00;DepSeq1;;00:15:00;10:05:00;440;09:40:00;
Dep561;d4 07:05:00;DepSeq2;;00:15:00;10:05:00;530;08:40:00;
Dep562;d4 07:11:00;DepSeq2;;00:15:00;10:11:00;510;11:10:00;
Dep563;d4 07:14:00;DepSeq1;;00:30:00;10:14:00;2120;12:30:00;
Dep564;d4 07:18:00;DepSeq1;;00:15:00;10:18:00;260;04:20:00;
Dep565;d4 07:24:00;DepSeq1;;00:15:00;10:24:00;240;04:50:00;
Dep566;d4 07:35:00;DepSeq1;;00:15:00;10:35:00;440;09:40:00;
Dep567;d4 07:35:00;DepSeq2;;00:15:00;10:35:00;530;08:40:00;
Dep568;d4 07:36:00;DepSeq1;;00:30:00;10:36:00;900;07:00:00;
Dep569;d4 07:45:00;DepSeq1;;00:15:00;10:45:00;440;09:40:00;
Dep570;d4 07:48:00;DepSeq1;;00:15:00;10:48:00;440;07:40:00;
Dep571;d4 08:05:00;DepSeq1;;00:15:00;00:40:00;440;09:40:00;
Dep572;d4 08:14:00;DepSeq1;;00:30:00;01:00:00;2190;11:40:00;
Dep573;d4 08:25:00;DepSeq1;JointDep100;00:30:00;01:00:00;1880;13:00:00;
Dep574;d4 08:25:00;DepSeq1;JointDep100;00:30:00;01:00:00;1880;13:00:00;
Dep575;d4 08:33:00;DepSeq1;;00:15:00;00:40:00;440;07:40:00;
Dep576;d4 08:35:00;DepSeq1;JointDep101;00:15:00;00:40:00;480;11:00:00;
Dep577;d4 08:35:00;DepSeq1;JointDep101;00:15:00;00:40:00;480;11:00:00;
Dep578;d4 08:40:00;DepSeq1;;00:15:00;00:40:00;240;04:50:00;
Dep579;d4 08:44:00;DepSeq1;;00:30:00;01:00:00;1120;07:10:00;
Dep580;d4 08:45:00;DepSeq1;;00:15:00;00:40:00;440;09:40:00;
Dep581;d4 09:04:00;DepSeq1;;00:15:00;00:40:00;230;04:00:00;
Dep582;d4 09:05:00;DepSeq1;;00:15:00;00:40:00;340;07:40:00;
Dep583;d4 09:14:00;DepSeq1;;00:30:00;01:00:00;1170;06:40:00;
Dep584;d4 09:38:00;DepSeq1;;00:30:00;01:00:00;900;07:00:00;
Dep585;d4 10:10:00;DepSeq1;;00:15:00;00:40:00;240;04:50:00;
Dep586;d4 10:20:00;DepSeq1;;00:15:00;00:40:00;470;08:00:00;
Dep587;d4 10:32:00;DepSeq1;;00:15:00;00:40:00;440;07:40:00;
Dep588;d4 10:35:00;DepSeq1;;00:15:00;00:40:00;240;04:10:00;
Dep589;d4 10:36:00;DepSeq1;;00:30:00;01:00:00;900;07:00:00;
Dep590;d4 10:42:00;DepSeq1;;00:30:00;01:00:00;2640;19:20:00;
Dep591;d4 11:05:00;DepSeq2;JointDep102;00:15:00;00:40:00;240;05:20:00;
Dep592;d4 11:05:00;DepSeq2;JointDep102;00:15:00;00:40:00;240;05:20:00;
Dep593;d4 11:05:00;DepSeq1;;00:15:00;00:40:00;340;07:40:00;
Dep594;d4 11:34:00;DepSeq2;;00:15:00;00:40:00;530;08:40:00;
Dep595;d4 11:36:00;DepSeq1;;00:30:00;01:00:00;900;07:00:00;
Dep596;d4 11:40:00;DepSeq1;;00:30:00;01:00:00;2060;11:30:00;
Dep597;d4 11:45:00;DepSeq1;;00:15:00;00:40:00;440;09:40:00;
Dep598;d4 12:02:00;DepSeq1;;00:30:00;01:00:00;2060;11:30:00;
Dep599;d4 12:05:00;DepSeq1;;00:15:00;00:40:00;440;09:40:00;
Dep600;d4 12:10:00;DepSeq1;;00:15:00;00:40:00;240;04:50:00;
Dep601;d4 12:14:00;DepSeq1;;00:30:00;01:00:00;970;05:20:00;
Dep602;d4 12:32:00;DepSeq1;;00:15:00;00:40:00;440;07:40:00;
Dep603;d4 12:35:00;DepSeq2;JointDep103;00:15:00;00:40:00;240;05:20:00;
Dep604;d4 12:35:00;DepSeq2;JointDep103;00:15:00;00:40:00;240;05:20:00;
Dep605;d4 12:35:00;DepSeq1;;00:15:00;00:40:00;250;05:00:00;
Dep606;d4 12:41:00;DepSeq2;JointDep104;00:15:00;00:40:00;310;05:20:00;
Dep607;d4 12:41:00;DepSeq2;JointDep104;00:15:00;00:40:00;310;05:20:00;
Dep608;d4 12:44:00;DepSeq1;;00:30:00;01:00:00;2370;12:40:00;
Dep609;d4 12:45:00;DepSeq1;;00:15:00;00:40:00;440;09:40:00;
Dep610;d4 12:48:00;DepSeq1;;00:15:00;00:40:00;240;04:50:00;
Dep611;d4 12:54:00;DepSeq1;;00:15:00;00:40:00;470;08:00:00;
Dep612;d4 13:05:00;DepSeq1;;00:15:00;00:40:00;440;09:40:00;
Dep613;d4 13:10:00;DepSeq1;;00:30:00;01:00:00;1170;06:40:00;
Dep614;d4 13:33:00;DepSeq2;;00:15:00;00:40:00;530;08:40:00;
Dep615;d4 13:35:00;DepSeq1;;00:15:00;00:40:00;340;07:40:00;
Dep616;d4 13:36:00;DepSeq1;JointDep105;00:30:00;01:00:00;900;05:00:00;
Dep617;d4 13:36:00;DepSeq1;JointDep105;00:30:00;01:00:00;900;05:00:00;
Dep618;d4 13:43:00;DepSeq1;;00:30:00;01:00:00;2060;11:30:00;
Dep619;d4 13:45:00;DepSeq1;;00:15:00;00:40:00;440;09:40:00;
Dep620;d4 13:58:00;DepSeq1;;00:15:00;00:40:00;470;08:00:00;
Dep621;d4 14:04:00;DepSeq1;;00:30:00;01:00:00;2060;11:30:00;
Dep622;d4 14:05:00;DepSeq1;;00:15:00;00:40:00;270;05:30:00;
Dep623;d4 14:32:00;DepSeq1;;00:15:00;00:40:00;440;07:40:00;
Dep624;d4 14:33:00;DepSeq2;JointDep106;00:15:00;00:40:00;240;05:20:00;
Dep625;d4 14:33:00;DepSeq2;JointDep106;00:15:00;00:40:00;240;05:20:00;
Dep626;d4 14:36:00;DepSeq1;;00:30:00;01:00:00;900;07:00:00;
Dep627;d4 14:44:00;DepSeq1;JointDep107;00:30:00;01:00:00;2100;14:50:00;
Dep628;d4 14:44:00;DepSeq1;JointDep107;00:30:00;01:00:00;2100;14:50:00;
Dep629;d4 14:45:00;DepSeq1;;00:15:00;00:40:00;440;09:40:00;
Dep630;d4 15:05:00;DepSeq1;;00:15:00;00:40:00;440;09:40:00;
Dep631;d4 15:05:00;DepSeq2;JointDep108;00:15:00;00:40:00;240;05:20:00;
Dep632;d4 15:05:00;DepSeq2;JointDep108;00:15:00;00:40:00;240;05:20:00;
Dep633;d4 15:35:00;DepSeq2;JointDep109;00:15:00;00:40:00;240;05:20:00;
Dep634;d4 15:35:00;DepSeq2;JointDep109;00:15:00;00:40:00;240;05:20:00;
Dep635;d4 15:35:00;DepSeq1;;00:15:00;00:40:00;340;07:40:00;
Dep636;d4 15:36:00;DepSeq1;;00:30:00;01:00:00;900;07:00:00;
Dep637;d4 15:41:00;DepSeq1;;00:15:00;00:40:00;470;08:00:00;
Dep638;d4 15:44:00;DepSeq1;;00:30:00;01:00:00;1820;10:20:00;
Dep639;d4 15:48:00;DepSeq1;;00:15:00;00:40:00;240;04:50:00;
Dep640;d4 15:55:00;DepSeq1;;00:30:00;01:00:00;2060;11:30:00;
Dep641;d4 16:02:00;DepSeq1;;00:15:00;00:40:00;240;04:50:00;
Dep642;d4 16:05:00;DepSeq1;;00:15:00;00:40:00;440;09:40:00;
Dep643;d4 16:05:00;DepSeq2;JointDep110;00:15:00;00:40:00;240;05:20:00;
Dep644;d4 16:05:00;DepSeq2;JointDep110;00:15:00;00:40:00;240;05:20:00;
Dep645;d4 16:06:00;DepSeq1;JointDep111;00:15:00;00:40:00;500;10:40:00;
Dep646;d4 16:06:00;DepSeq1;JointDep111;00:15:00;00:40:00;500;10:40:00;
Dep647;d4 16:10:00;DepSeq1;;00:30:00;01:00:00;900;07:00:00;
Dep648;d4 16:14:00;DepSeq1;;00:30:00;01:00:00;2060;11:30:00;
Dep649;d4 16:16:00;DepSeq1;;00:30:00;01:00:00;2360;12:50:00;
Dep650;d4 16:28:00;DepSeq1;JointDep112;00:30:00;01:00:00;1880;13:00:00;
Dep651;d4 16:28:00;DepSeq1;JointDep112;00:30:00;01:00:00;1880;13:00:00;
Dep652;d4 16:32:00;DepSeq1;;00:15:00;00:40:00;440;07:40:00;
Dep653;d4 16:35:00;DepSeq1;;00:15:00;00:40:00;250;05:00:00;
Dep654;d4 16:35:00;DepSeq2;JointDep113;00:15:00;00:40:00;240;05:20:00;
Dep655;d4 16:35:00;DepSeq2;JointDep113;00:15:00;00:40:00;240;05:20:00;
Dep656;d4 16:41:00;DepSeq2;;00:15:00;00:40:00;510;11:10:00;
Dep657;d4 16:45:00;DepSeq1;JointDep114;00:15:00;00:40:00;330;07:40:00;
Dep658;d4 16:45:00;DepSeq1;JointDep114;00:15:00;00:40:00;330;07:40:00;
Dep659;d4 16:48:00;DepSeq1;JointDep115;00:15:00;00:40:00;420;09:50:00;
Dep660;d4 16:48:00;DepSeq1;JointDep115;00:15:00;00:40:00;420;09:50:00;
Dep661;d4 17:02:00;DepSeq1;;00:15:00;00:40:00;440;07:40:00;
Dep662;d4 17:03:00;DepSeq1;;00:15:00;00:40:00;470;08:00:00;
Dep663;d4 17:05:00;DepSeq2;;00:15:00;00:40:00;530;08:40:00;
Dep664;d4 17:10:00;DepSeq1;;00:15:00;00:40:00;340;07:40:00;
Dep665;d4 17:11:00;DepSeq2;JointDep116;00:15:00;00:40:00;310;05:20:00;
Dep666;d4 17:11:00;DepSeq2;JointDep116;00:15:00;00:40:00;310;05:20:00;
Dep667;d4 17:20:00;DepSeq1;;00:15:00;00:40:00;460;07:20:00;
Dep668;d4 17:27:00;DepSeq1;;00:30:00;01:00:00;2060;11:30:00;
Dep669;d4 17:30:00;DepSeq1;;00:30:00;01:00:00;2190;15:30:00;
Dep670;d4 17:32:00;DepSeq1;;00:15:00;00:40:00;440;07:40:00;
Dep671;d4 17:32:00;DepSeq2;JointDep117;00:15:00;00:40:00;240;05:20:00;
Dep672;d4 17:32:00;DepSeq2;JointDep117;00:15:00;00:40:00;240;05:20:00;
Dep673;d4 17:35:00;DepSeq1;JointDep118;00:15:00;00:40:00;340;06:20:00;
Dep674;d4 17:35:00;DepSeq1;JointDep118;00:15:00;00:40:00;340;06:20:00;
Dep675;d4 17:36:00;DepSeq1;;00:30:00;01:00:00;900;07:00:00;
Dep676;d4 17:40:00;DepSeq2;JointDep119;00:15:00;00:40:00;310;05:20:00;
Dep677;d4 17:40:00;DepSeq2;JointDep119;00:15:00;00:40:00;310;05:20:00;
Dep678;d4 17:45:00;DepSeq1;;00:15:00;00:40:00;440;09:40:00;
Dep679;d4 17:48:00;DepSeq1;JointDep120;00:15:00;00:40:00;420;09:50:00;
Dep680;d4 17:48:00;DepSeq1;JointDep120;00:15:00;00:40:00;420;09:50:00;
Dep681;d4 18:05:00;DepSeq1;;00:15:00;00:40:00;440;09:40:00;
Dep682;d4 18:05:00;DepSeq2;;00:15:00;00:40:00;530;08:40:00;
Dep683;d4 18:08:00;DepSeq1;;00:30:00;01:00:00;900;07:00:00;
Dep684;d4 18:10:00;DepSeq1;;00:15:00;00:40:00;240;04:50:00;
Dep685;d4 18:11:00;DepSeq2;;00:15:00;00:40:00;510;11:10:00;
Dep686;d4 18:14:00;DepSeq1;;00:30:00;01:00:00;2640;19:20:00;
Dep687;d4 18:30:00;DepSeq1;;00:30:00;01:00:00;2060;11:30:00;
Dep688;d4 18:32:00;DepSeq1;;00:15:00;00:40:00;440;07:40:00;
Dep689;d4 18:35:00;DepSeq1;;00:15:00;00:40:00;550;09:40:00;
Dep690;d4 18:35:00;DepSeq2;JointDep121;00:15:00;00:40:00;240;05:20:00;
Dep691;d4 18:35:00;DepSeq2;JointDep121;00:15:00;00:40:00;240;05:20:00;
Dep692;d4 18:36:00;DepSeq1;;00:30:00;01:00:00;900;07:00:00;
Dep693;d4 18:38:00;DepSeq1;;00:15:00;00:40:00;470;08:00:00;
Dep694;d4 18:41:00;DepSeq2;JointDep122;00:15:00;00:40:00;310;05:20:00;
Dep695;d4 18:41:00;DepSeq2;JointDep122;00:15:00;00:40:00;310;05:20:00;
Dep696;d4 18:48:00;DepSeq1;;00:15:00;00:40:00;240;04:50:00;
Dep697;d4 18:50:00;DepSeq1;;00:15:00;00:40:00;340;07:40:00;
Dep698;d4 19:04:00;DepSeq1;;00:15:00;00:40:00;240;04:50:00;
Dep699;d4 19:05:00;DepSeq2;JointDep123;00:15:00;00:40:00;240;05:20:00;
Dep700;d4 19:05:00;DepSeq2;JointDep123;00:15:00;00:40:00;240;05:20:00;
Dep701;d4 19:05:00;DepSeq1;;00:15:00;00:40:00;440;09:40:00;
Dep702;d4 19:32:00;DepSeq1;;00:15:00;00:40:00;440;07:40:00;
Dep703;d4 19:35:00;DepSeq2;;00:15:00;00:40:00;530;08:40:00;
Dep704;d4 19:35:00;DepSeq1;;00:15:00;00:40:00;440;09:40:00;
Dep705;d4 19:36:00;DepSeq1;JointDep124;00:30:00;01:00:00;900;05:00:00;
Dep706;d4 19:36:00;DepSeq1;JointDep124;00:30:00;01:00:00;900;05:00:00;
Dep707;d4 19:45:00;DepSeq1;;00:15:00;00:40:00;270;05:30:00;
Dep708;d4 19:48:00;DepSeq1;;00:15:00;00:40:00;240;04:50:00;
Dep709;d4 20:05:00;DepSeq2;JointDep125;00:15:00;00:40:00;240;05:20:00;
Dep710;d4 20:05:00;DepSeq2;JointDep125;00:15:00;00:40:00;240;05:20:00;
Dep711;d4 20:05:00;DepSeq1;;00:15:00;00:40:00;440;09:40:00;
Dep712;d4 20:08:00;DepSeq1;JointDep126;00:30:00;01:00:00;900;05:00:00;
Dep713;d4 20:08:00;DepSeq1;JointDep126;00:30:00;01:00:00;900;05:00:00;
Dep714;d4 20:31:00;DepSeq2;JointDep127;00:15:00;00:40:00;320;07:30:00;
Dep715;d4 20:31:00;DepSeq2;JointDep127;00:15:00;00:40:00;320;07:30:00;
Dep716;d4 20:32:00;DepSeq1;;00:15:00;00:40:00;440;07:40:00;
Dep717;d4 20:35:00;DepSeq2;JointDep128;00:15:00;00:40:00;240;05:20:00;
Dep718;d4 20:35:00;DepSeq2;JointDep128;00:15:00;00:40:00;240;05:20:00;
Dep719;d4 20:45:00;DepSeq1;;00:15:00;00:40:00;440;09:40:00;
Dep720;d4 20:48:00;DepSeq1;;00:15:00;00:40:00;240;04:50:00;
Dep721;d4 21:05:00;DepSeq2;;00:15:00;00:40:00;530;08:40:00;
Dep722;d4 21:44:00;DepSeq2;;00:15:00;00:40:00;530;08:40:00;
Dep723;d4 21:45:00;DepSeq1;;00:15:00;00:40:00;440;09:40:00;
Dep724;d4 22:43:00;DepSeq2;;00:15:00;00:40:00;530;08:40:00;
Dep725;d4 22:45:00;DepSeq1;;00:15:00;00:40:00;440;09:40:00;
Dep726;d5 00:05:00;DepSeq1;;00:15:00;00:40:00;440;09:40:00;
Dep727;d5 05:05:00;DepSeq1;;00:15:00;08:05:00;340;07:40:00;
Dep728;d5 05:33:00;DepSeq2;;00:15:00;08:33:00;530;08:40:00;
Dep729;d5 05:36:00;DepSeq1;;00:30:00;08:36:00;900;07:00:00;
Dep730;d5 05:56:00;DepSeq1;;00:15:00;08:56:00;580;11:50:00;
Dep731;d5 06:00:00;DepSeq1;;00:15:00;09:00:00;240;04:50:00;
Dep732;d5 06:05:00;DepSeq1;;00:15:00;09:05:00;440;09:40:00;
Dep733;d5 06:05:00;DepSeq2;JointDep129;00:15:00;09:05:00;240;05:20:00;
Dep734;d5 06:05:00;DepSeq2;JointDep129;00:15:00;09:05:00;240;05:20:00;
Dep735;d5 06:10:00;DepSeq1;;00:15:00;09:10:00;240;04:50:00;
Dep736;d5 06:14:00;DepSeq1;;00:30:00;09:14:00;2060;11:50:00;
Dep737;d5 06:24:00;DepSeq1;;00:30:00;09:24:00;2500;14:50:00;
Dep738;d5 06:32:00;DepSeq1;;00:15:00;09:32:00;440;07:40:00;
Dep739;d5 06:35:00;DepSeq1;;00:15:00;09:35:00;340;07:40:00;
Dep740;d5 06:35:00;DepSeq2;JointDep130;00:15:00;09:35:00;240;05:20:00;
Dep741;d5 06:35:00;DepSeq2;JointDep130;00:15:00;09:35:00;240;05:20:00;
Dep742;d5 06:44:00;DepSeq1;;00:30:00;09:44:00;1170;06:40:00;
Dep743;d5 06:45:00;DepSeq1;;00:15:00;09:45:00;440;09:40:00;
Dep744;d5 06:48:00;DepSeq1;;00:15:00;09:48:00;240;04:50:00;
Dep745;d5 07:05:00;DepSeq1;;00:15:00;10:05:00;440;09:40:00;
Dep746;d5 07:05:00;DepSeq2;;00:15:00;10:05:00;530;08:40:00;
Dep747;d5 07:11:00;DepSeq2;;00:15:00;10:11:00;510;11:10:00;
Dep748;d5 07:14:00;DepSeq1;;00:30:00;10:14:00;2120;12:30:00;
Dep749;d5 07:18:00;DepSeq1;;00:15:00;10:18:00;260;04:20:00;
Dep750;d5 07:24:00;DepSeq1;;00:15:00;10:24:00;240;04:50:00;
Dep751;d5 07:35:00;DepSeq1;;00:15:00;10:35:00;440;09:40:00;
Dep752;d5 07:35:00;DepSeq2;;00:15:00;10:35:00;530;08:40:00;
Dep753;d5 07:36:00;DepSeq1;;00:30:00;10:36:00;900;07:00:00;
Dep754;d5 07:45:00;DepSeq1;;00:15:00;10:45:00;440;09:40:00;
Dep755;d5 07:48:00;DepSeq1;;00:15:00;10:48:00;440;07:40:00;
Dep756;d5 08:05:00;DepSeq1;;00:15:00;00:40:00;440;09:40:00;
Dep757;d5 08:14:00;DepSeq1;;00:30:00;01:00:00;2190;11:40:00;
Dep758;d5 08:25:00;DepSeq1;JointDep131;00:30:00;01:00:00;1880;13:00:00;
Dep759;d5 08:25:00;DepSeq1;JointDep131;00:30:00;01:00:00;1880;13:00:00;
Dep760;d5 08:33:00;DepSeq1;;00:15:00;00:40:00;440;07:40:00;
Dep761;d5 08:35:00;DepSeq1;JointDep132;00:15:00;00:40:00;480;11:00:00;
Dep762;d5 08:35:00;DepSeq1;JointDep132;00:15:00;00:40:00;480;11:00:00;
Dep763;d5 08:40:00;DepSeq1;;00:15:00;00:40:00;240;04:50:00;
Dep764;d5 08:44:00;DepSeq1;;00:30:00;01:00:00;1120;07:10:00;
Dep765;d5 08:45:00;DepSeq1;;00:15:00;00:40:00;440;09:40:00;
Dep766;d5 09:04:00;DepSeq1;;00:15:00;00:40:00;230;04:00:00;
Dep767;d5 09:05:00;DepSeq1;;00:15:00;00:40:00;340;07:40:00;
Dep768;d5 09:14:00;DepSeq1;JointDep133;00:30:00;01:00:00;1060;08:00:00;
Dep769;d5 09:14:00;DepSeq1;JointDep133;00:30:00;01:00:00;1060;08:00:00;
Dep770;d5 09:38:00;DepSeq1;JointDep134;00:30:00;01:00:00;900;05:00:00;
Dep771;d5 09:38:00;DepSeq1;JointDep134;00:30:00;01:00:00;900;05:00:00;
Dep772;d5 10:10:00;DepSeq1;;00:15:00;00:40:00;240;04:50:00;
Dep773;d5 10:32:00;DepSeq1;;00:15:00;00:40:00;440;07:40:00;
Dep774;d5 10:35:00;DepSeq1;;00:15:00;00:40:00;240;04:10:00;
Dep775;d5 10:36:00;DepSeq1;;00:30:00;01:00:00;900;07:00:00;
Dep776;d5 10:42:00;DepSeq1;;00:30:00;01:00:00;2640;19:20:00;
Dep777;d5 11:05:00;DepSeq2;JointDep135;00:15:00;00:40:00;240;05:20:00;
Dep778;d5 11:05:00;DepSeq2;JointDep135;00:15:00;00:40:00;240;05:20:00;
Dep779;d5 11:05:00;DepSeq1;;00:15:00;00:40:00;340;07:40:00;
Dep780;d5 11:34:00;DepSeq2;;00:15:00;00:40:00;530;08:40:00;
Dep781;d5 11:36:00;DepSeq1;JointDep136;00:30:00;01:00:00;900;05:00:00;
Dep782;d5 11:36:00;DepSeq1;JointDep136;00:30:00;01:00:00;900;05:00:00;
Dep783;d5 11:42:00;DepSeq1;;00:15:00;00:40:00;470;08:00:00;
Dep784;d5 11:45:00;DepSeq1;;00:15:00;00:40:00;440;09:40:00;
Dep785;d5 12:05:00;DepSeq1;;00:15:00;00:40:00;440;09:40:00;
Dep786;d5 12:08:00;DepSeq1;;00:30:00;01:00:00;2060;11:30:00;
Dep787;d5 12:10:00;DepSeq1;;00:15:00;00:40:00;240;04:50:00;
Dep788;d5 12:10:00;DepSeq1;;00:15:00;00:40:00;470;08:00:00;
Dep789;d5 12:14:00;DepSeq1;;00:30:00;01:00:00;970;05:20:00;
Dep790;d5 12:32:00;DepSeq1;;00:15:00;00:40:00;440;07:40:00;
Dep791;d5 12:35:00;DepSeq1;JointDep137;00:15:00;00:40:00;480;11:00:00;
Dep792;d5 12:35:00;DepSeq1;JointDep137;00:15:00;00:40:00;480;11:00:00;
Dep793;d5 12:35:00;DepSeq2;JointDep138;00:15:00;00:40:00;240;05:20:00;
Dep794;d5 12:35:00;DepSeq2;JointDep138;00:15:00;00:40:00;240;05:20:00;
Dep795;d5 12:40:00;DepSeq1;;00:30:00;01:00:00;2060;11:30:00;
Dep796;d5 12:41:00;DepSeq2;JointDep139;00:15:00;00:40:00;310;05:20:00;
Dep797;d5 12:41:00;DepSeq2;JointDep139;00:15:00;00:40:00;310;05:20:00;
Dep798;d5 12:44:00;DepSeq1;JointDep140;00:30:00;01:00:00;2100;14:50:00;
Dep799;d5 12:44:00;DepSeq1;JointDep140;00:30:00;01:00:00;2100;14:50:00;
Dep800;d5 12:45:00;DepSeq1;;00:15:00;00:40:00;440;09:40:00;
Dep801;d5 12:48:00;DepSeq1;;00:15:00;00:40:00;240;04:50:00;
Dep802;d5 12:55:00;DepSeq1;;00:15:00;00:40:00;470;08:00:00;
Dep803;d5 13:05:00;DepSeq1;;00:15:00;00:40:00;440;09:40:00;
Dep804;d5 13:10:00;DepSeq1;;00:30:00;01:00:00;1170;06:40:00;
Dep805;d5 13:11:00;DepSeq1;;00:15:00;00:40:00;470;08:00:00;
Dep806;d5 13:12:00;DepSeq1;;00:15:00;00:40:00;470;08:00:00;
Dep807;d5 13:33:00;DepSeq2;;00:15:00;00:40:00;530;08:40:00;
Dep808;d5 13:35:00;DepSeq1;;00:15:00;00:40:00;340;07:40:00;
Dep809;d5 13:36:00;DepSeq1;JointDep141;00:30:00;01:00:00;900;05:00:00;
Dep810;d5 13:36:00;DepSeq1;JointDep141;00:30:00;01:00:00;900;05:00:00;
Dep811;d5 13:36:00;DepSeq1;;00:30:00;01:00:00;2060;11:30:00;
Dep812;d5 13:45:00;DepSeq1;;00:15:00;00:40:00;440;09:40:00;
Dep813;d5 14:05:00;DepSeq1;;00:15:00;00:40:00;270;05:30:00;
Dep814;d5 14:32:00;DepSeq1;;00:15:00;00:40:00;440;07:40:00;
Dep815;d5 14:33:00;DepSeq2;JointDep142;00:15:00;00:40:00;240;05:20:00;
Dep816;d5 14:33:00;DepSeq2;JointDep142;00:15:00;00:40:00;240;05:20:00;
Dep817;d5 14:44:00;DepSeq1;JointDep143;00:30:00;01:00:00;2100;14:50:00;
Dep818;d5 14:44:00;DepSeq1;JointDep143;00:30:00;01:00:00;2100;14:50:00;
Dep819;d5 14:45:00;DepSeq1;;00:15:00;00:40:00;440;09:40:00;
Dep820;d5 14:50:00;DepSeq1;JointDep144;00:30:00;01:00:00;1880;13:00:00;
Dep821;d5 14:50:00;DepSeq1;JointDep144;00:30:00;01:00:00;1880;13:00:00;
Dep822;d5 14:55:00;DepSeq1;;00:15:00;00:40:00;470;08:00:00;
Dep823;d5 14:55:00;DepSeq1;;00:30:00;01:00:00;2060;11:30:00;
Dep824;d5 15:05:00;DepSeq2;JointDep145;00:15:00;00:40:00;240;05:20:00;
Dep825;d5 15:05:00;DepSeq2;JointDep145;00:15:00;00:40:00;240;05:20:00;
Dep826;d5 15:05:00;DepSeq1;;00:15:00;00:40:00;440;09:40:00;
Dep827;d5 15:21:00;DepSeq1;;00:30:00;01:00:00;2060;11:30:00;
Dep828;d5 15:35:00;DepSeq1;;00:15:00;00:40:00;340;07:40:00;
Dep829;d5 15:35:00;DepSeq2;JointDep146;00:15:00;00:40:00;240;05:20:00;
Dep830;d5 15:35:00;DepSeq2;JointDep146;00:15:00;00:40:00;240;05:20:00;
Dep831;d5 15:36:00;DepSeq1;JointDep147;00:30:00;01:00:00;900;05:00:00;
Dep832;d5 15:36:00;DepSeq1;JointDep147;00:30:00;01:00:00;900;05:00:00;
Dep833;d5 15:44:00;DepSeq1;JointDep148;00:30:00;01:00:00;2470;15:10:00;
Dep834;d5 15:44:00;DepSeq1;JointDep148;00:30:00;01:00:00;2470;15:10:00;
Dep835;d5 15:45:00;DepSeq1;;00:30:00;01:00:00;2060;11:30:00;
Dep836;d5 15:48:00;DepSeq1;;00:15:00;00:40:00;240;04:50:00;
Dep837;d5 15:48:00;DepSeq1;;00:15:00;00:40:00;470;08:00:00;
Dep838;d5 15:53:00;DepSeq1;;00:15:00;00:40:00;470;08:00:00;
Dep839;d5 16:02:00;DepSeq1;;00:15:00;00:40:00;240;04:50:00;
Dep840;d5 16:05:00;DepSeq1;;00:15:00;00:40:00;440;09:40:00;
Dep841;d5 16:05:00;DepSeq2;JointDep149;00:15:00;00:40:00;240;05:20:00;
Dep842;d5 16:05:00;DepSeq2;JointDep149;00:15:00;00:40:00;240;05:20:00;
Dep843;d5 16:06:00;DepSeq1;JointDep150;00:15:00;00:40:00;500;10:40:00;
Dep844;d5 16:06:00;DepSeq1;JointDep150;00:15:00;00:40:00;500;10:40:00;
Dep845;d5 16:10:00;DepSeq1;;00:30:00;01:00:00;900;07:00:00;
Dep846;d5 16:16:00;DepSeq1;;00:30:00;01:00:00;2360;12:50:00;
Dep847;d5 16:31:00;DepSeq1;;00:30:00;01:00:00;2060;11:30:00;
Dep848;d5 16:32:00;DepSeq1;;00:15:00;00:40:00;440;07:40:00;
Dep849;d5 16:35:00;DepSeq1;JointDep151;00:15:00;00:40:00;480;11:00:00;
Dep850;d5 16:35:00;DepSeq1;JointDep151;00:15:00;00:40:00;480;11:00:00;
Dep851;d5 16:35:00;DepSeq2;JointDep152;00:15:00;00:40:00;240;05:20:00;
Dep852;d5 16:35:00;DepSeq2;JointDep152;00:15:00;00:40:00;240;05:20:00;
Dep853;d5 16:36:00;DepSeq1;;00:30:00;01:00:00;900;07:00:00;
Dep854;d5 16:41:00;DepSeq2;;00:15:00;00:40:00;510;11:10:00;
Dep855;d5 16:43:00;DepSeq1;;00:30:00;01:00:00;2060;11:30:00;
Dep856;d5 16:45:00;DepSeq1;JointDep153;00:15:00;00:40:00;330;07:40:00;
Dep857;d5 16:45:00;DepSeq1;JointDep153;00:15:00;00:40:00;330;07:40:00;
Dep858;d5 16:48:00;DepSeq1;JointDep154;00:15:00;00:40:00;420;09:50:00;
Dep859;d5 16:48:00;DepSeq1;JointDep154;00:15:00;00:40:00;420;09:50:00;
Dep860;d5 17:02:00;DepSeq1;;00:15:00;00:40:00;440;07:40:00;
Dep861;d5 17:05:00;DepSeq2;;00:15:00;00:40:00;530;08:40:00;
Dep862;d5 17:10:00;DepSeq1;;00:15:00;00:40:00;340;07:40:00;
Dep863;d5 17:11:00;DepSeq2;JointDep155;00:15:00;00:40:00;310;05:20:00;
Dep864;d5 17:11:00;DepSeq2;JointDep155;00:15:00;00:40:00;310;05:20:00;
Dep865;d5 17:20:00;DepSeq1;;00:15:00;00:40:00;460;07:20:00;
Dep866;d5 17:30:00;DepSeq1;;00:30:00;01:00:00;2190;15:30:00;
Dep867;d5 17:32:00;DepSeq1;;00:15:00;00:40:00;440;07:40:00;
Dep868;d5 17:32:00;DepSeq2;JointDep156;00:15:00;00:40:00;240;05:20:00;
Dep869;d5 17:32:00;DepSeq2;JointDep156;00:15:00;00:40:00;240;05:20:00;
Dep870;d5 17:35:00;DepSeq1;JointDep157;00:15:00;00:40:00;340;06:20:00;
Dep871;d5 17:35:00;DepSeq1;JointDep157;00:15:00;00:40:00;340;06:20:00;
Dep872;d5 17:36:00;DepSeq1;;00:30:00;01:00:00;900;07:00:00;
Dep873;d5 17:40:00;DepSeq2;;00:15:00;00:40:00;510;11:10:00;
Dep874;d5 17:45:00;DepSeq1;;00:15:00;00:40:00;440;09:40:00;
Dep875;d5 17:48:00;DepSeq1;JointDep158;00:15:00;00:40:00;420;09:50:00;
Dep876;d5 17:48:00;DepSeq1;JointDep158;00:15:00;00:40:00;420;09:50:00;
Dep877;d5 17:57:00;DepSeq1;;00:30:00;01:00:00;2060;11:30:00;
Dep878;d5 18:05:00;DepSeq1;;00:15:00;00:40:00;440;09:40:00;
Dep879;d5 18:05:00;DepSeq2;;00:15:00;00:40:00;530;08:40:00;
Dep880;d5 18:08:00;DepSeq1;;00:30:00;01:00:00;900;07:00:00;
Dep881;d5 18:10:00;DepSeq1;;00:15:00;00:40:00;240;04:50:00;
Dep882;d5 18:11:00;DepSeq2;JointDep159;00:15:00;00:40:00;310;05:20:00;
Dep883;d5 18:11:00;DepSeq2;JointDep159;00:15:00;00:40:00;310;05:20:00;
Dep884;d5 18:11:00;DepSeq1;;00:30:00;01:00:00;2060;11:30:00;
Dep885;d5 18:14:00;DepSeq1;;00:30:00;01:00:00;2120;12:30:00;
Dep886;d5 18:23:00;DepSeq1;;00:30:00;01:00:00;2640;19:20:00;
Dep887;d5 18:29:00;DepSeq1;;00:30:00;01:00:00;2060;11:30:00;
Dep888;d5 18:32:00;DepSeq1;;00:15:00;00:40:00;440;07:40:00;
Dep889;d5 18:35:00;DepSeq1;;00:15:00;00:40:00;250;05:00:00;
Dep890;d5 18:35:00;DepSeq2;JointDep160;00:15:00;00:40:00;240;05:20:00;
Dep891;d5 18:35:00;DepSeq2;JointDep160;00:15:00;00:40:00;240;05:20:00;
Dep892;d5 18:36:00;DepSeq1;;00:30:00;01:00:00;900;07:00:00;
Dep893;d5 18:41:00;DepSeq2;JointDep161;00:15:00;00:40:00;310;05:20:00;
Dep894;d5 18:41:00;DepSeq2;JointDep161;00:15:00;00:40:00;310;05:20:00;
Dep895;d5 18:48:00;DepSeq1;;00:15:00;00:40:00;240;04:50:00;
Dep896;d5 18:50:00;DepSeq1;;00:15:00;00:40:00;340;07:40:00;
Dep897;d5 19:04:00;DepSeq1;;00:15:00;00:40:00;240;04:50:00;
Dep898;d5 19:05:00;DepSeq1;;00:15:00;00:40:00;440;09:40:00;
Dep899;d5 19:05:00;DepSeq2;;00:15:00;00:40:00;530;08:40:00;
Dep900;d5 19:32:00;DepSeq1;;00:15:00;00:40:00;440;07:40:00;
Dep901;d5 19:35:00;DepSeq1;;00:15:00;00:40:00;440;09:40:00;
Dep902;d5 19:35:00;DepSeq2;JointDep162;00:15:00;00:40:00;240;05:20:00;
Dep903;d5 19:35:00;DepSeq2;JointDep162;00:15:00;00:40:00;240;05:20:00;
Dep904;d5 19:36:00;DepSeq1;JointDep163;00:30:00;01:00:00;900;05:00:00;
Dep905;d5 19:36:00;DepSeq1;JointDep163;00:30:00;01:00:00;900;05:00:00;
Dep906;d5 19:44:00;DepSeq1;;00:30:00;01:00:00;2120;12:30:00;
Dep907;d5 19:45:00;DepSeq1;;00:15:00;00:40:00;270;05:30:00;
Dep908;d5 19:48:00;DepSeq1;;00:15:00;00:40:00;240;04:50:00;
Dep909;d5 20:05:00;DepSeq2;JointDep164;00:15:00;00:40:00;240;05:20:00;
Dep910;d5 20:05:00;DepSeq2;JointDep164;00:15:00;00:40:00;240;05:20:00;
Dep911;d5 20:05:00;DepSeq1;;00:15:00;00:40:00;440;09:40:00;
Dep912;d5 20:08:00;DepSeq1;;00:30:00;01:00:00;900;07:00:00;
Dep913;d5 20:30:00;DepSeq1;;00:30:00;01:00:00;900;07:00:00;
Dep914;d5 20:32:00;DepSeq1;;00:15:00;00:40:00;440;07:40:00;
Dep915;d5 20:35:00;DepSeq2;JointDep165;00:15:00;00:40:00;240;05:20:00;
Dep916;d5 20:35:00;DepSeq2;JointDep165;00:15:00;00:40:00;240;05:20:00;
Dep917;d5 20:45:00;DepSeq1;;00:15:00;00:40:00;440;09:40:00;
Dep918;d5 20:48:00;DepSeq1;;00:15:00;00:40:00;240;04:50:00;
Dep919;d5 21:05:00;DepSeq2;JointDep166;00:15:00;00:40:00;240;05:20:00;
Dep920;d5 21:05:00;DepSeq2;JointDep166;00:15:00;00:40:00;240;05:20:00;
Dep921;d5 21:45:00;DepSeq1;;00:15:00;00:40:00;440;09:40:00;
Dep922;d5 22:05:00;DepSeq2;;00:15:00;00:40:00;530;08:40:00;
Dep923;d5 22:43:00;DepSeq2;;00:15:00;00:40:00;530;08:40:00;
Dep924;d5 22:45:00;DepSeq1;;00:15:00;00:40:00;440;09:40:00;
Dep925;d6 00:05:00;DepSeq1;;00:15:00;00:40:00;440;09:40:00;
Dep926;d6 06:05:00;DepSeq2;JointDep167;00:15:00;09:05:00;240;05:20:00;
Dep927;d6 06:05:00;DepSeq2;JointDep167;00:15:00;09:05:00;240;05:20:00;
Dep928;d6 06:05:00;DepSeq1;;00:15:00;09:05:00;340;07:40:00;
Dep929;d6 06:10:00;DepSeq1;JointDep168;00:30:00;09:10:00;1880;13:00:00;
Dep930;d6 06:10:00;DepSeq1;JointDep168;00:30:00;09:10:00;1880;13:00:00;
Dep931;d6 06:10:00;DepSeq1;;00:15:00;09:10:00;240;04:50:00;
Dep932;d6 06:14:00;DepSeq1;;00:30:00;09:14:00;2060;11:50:00;
Dep933;d6 06:32:00;DepSeq1;;00:15:00;09:32:00;440;07:40:00;
Dep934;d6 06:35:00;DepSeq1;;00:15:00;09:35:00;250;05:00:00;
Dep935;d6 06:35:00;DepSeq2;;00:15:00;09:35:00;530;08:40:00;
Dep936;d6 06:44:00;DepSeq1;JointDep169;00:30:00;09:44:00;1060;08:00:00;
Dep937;d6 06:44:00;DepSeq1;JointDep169;00:30:00;09:44:00;1060;08:00:00;
Dep938;d6 06:48:00;DepSeq1;;00:15:00;09:48:00;240;04:50:00;
Dep939;d6 07:05:00;DepSeq1;;00:15:00;10:05:00;440;09:40:00;
Dep940;d6 07:05:00;DepSeq2;JointDep170;00:15:00;10:05:00;240;05:20:00;
Dep941;d6 07:05:00;DepSeq2;JointDep170;00:15:00;10:05:00;240;05:20:00;
Dep942;d6 07:11:00;DepSeq2;;00:15:00;10:11:00;510;11:10:00;
Dep943;d6 07:14:00;DepSeq1;;00:30:00;10:14:00;2120;12:30:00;
Dep944;d6 07:18:00;DepSeq1;;00:15:00;10:18:00;470;11:10:00;
Dep945;d6 07:24:00;DepSeq1;;00:15:00;10:24:00;240;04:50:00;
Dep946;d6 07:35:00;DepSeq2;JointDep171;00:15:00;10:35:00;240;05:20:00;
Dep947;d6 07:35:00;DepSeq2;JointDep171;00:15:00;10:35:00;240;05:20:00;
Dep948;d6 07:45:00;DepSeq1;;00:15:00;10:45:00;440;09:40:00;
Dep949;d6 08:14:00;DepSeq1;;00:30:00;01:00:00;2190;11:40:00;
Dep950;d6 08:25:00;DepSeq1;;00:30:00;01:00:00;2500;14:50:00;
Dep951;d6 08:33:00;DepSeq1;;00:15:00;00:40:00;440;07:40:00;
Dep952;d6 08:35:00;DepSeq1;JointDep172;00:15:00;00:40:00;480;11:00:00;
Dep953;d6 08:35:00;DepSeq1;JointDep172;00:15:00;00:40:00;480;11:00:00;
Dep954;d6 08:35:00;DepSeq2;;00:15:00;00:40:00;530;08:40:00;
Dep955;d6 08:40:00;DepSeq1;;00:15:00;00:40:00;240;04:50:00;
Dep956;d6 08:44:00;DepSeq1;;00:30:00;01:00:00;1120;07:10:00;
Dep957;d6 08:45:00;DepSeq1;;00:15:00;00:40:00;440;09:40:00;
Dep958;d6 09:05:00;DepSeq1;;00:15:00;00:40:00;340;07:40:00;
Dep959;d6 09:06:00;DepSeq1;;00:15:00;00:40:00;230;04:00:00;
Dep960;d6 09:35:00;DepSeq2;JointDep173;00:15:00;00:40:00;240;05:20:00;
Dep961;d6 09:35:00;DepSeq2;JointDep173;00:15:00;00:40:00;240;05:20:00;
Dep962;d6 09:38:00;DepSeq1;;00:30:00;01:00:00;900;07:00:00;
Dep963;d6 10:32:00;DepSeq1;;00:15:00;00:40:00;440;07:40:00;
Dep964;d6 10:36:00;DepSeq1;;00:30:00;01:00:00;900;07:00:00;
Dep965;d6 10:42:00;DepSeq1;;00:30:00;01:00:00;2640;19:20:00;
Dep966;d6 11:00:00;DepSeq1;;00:30:00;01:00:00;2060;11:30:00;
Dep967;d6 11:05:00;DepSeq2;JointDep174;00:15:00;00:40:00;240;05:20:00;
Dep968;d6 11:05:00;DepSeq2;JointDep174;00:15:00;00:40:00;240;05:20:00;
Dep969;d6 11:05:00;DepSeq1;;00:15:00;00:40:00;340;07:40:00;
Dep970;d6 11:07:00;DepSeq1;;00:15:00;00:40:00;470;08:00:00;
Dep971;d6 11:13:00;DepSeq1;;00:15:00;00:40:00;470;08:00:00;
Dep972;d6 11:34:00;DepSeq2;;00:15:00;00:40:00;530;08:40:00;
Dep973;d6 12:05:00;DepSeq1;;00:15:00;00:40:00;440;09:40:00;
Dep974;d6 12:05:00;DepSeq1;;00:30:00;01:00:00;2060;11:30:00;
Dep975;d6 12:10:00;DepSeq1;;00:15:00;00:40:00;240;04:50:00;
Dep976;d6 12:25:00;DepSeq1;;00:30:00;01:00:00;2060;11:30:00;
Dep977;d6 12:35:00;DepSeq1;JointDep175;00:15:00;00:40:00;480;11:00:00;
Dep978;d6 12:35:00;DepSeq1;JointDep175;00:15:00;00:40:00;480;11:00:00;
Dep979;d6 12:35:00;DepSeq2;;00:15:00;00:40:00;530;08:40:00;
Dep980;d6 12:41:00;DepSeq2;JointDep176;00:15:00;00:40:00;310;05:20:00;
Dep981;d6 12:41:00;DepSeq2;JointDep176;00:15:00;00:40:00;310;05:20:00;
Dep982;d6 12:44:00;DepSeq1;;00:30:00;01:00:00;2370;12:40:00;
Dep983;d6 12:48:00;DepSeq1;;00:15:00;00:40:00;240;04:50:00;
Dep984;d6 12:49:00;DepSeq1;;00:15:00;00:40:00;470;08:00:00;
Dep985;d6 13:02:00;DepSeq1;;00:30:00;01:00:00;2060;11:30:00;
Dep986;d6 13:05:00;DepSeq1;;00:15:00;00:40:00;440;09:40:00;
Dep987;d6 13:10:00;DepSeq1;;00:30:00;01:00:00;1170;06:40:00;
Dep988;d6 13:33:00;DepSeq2;JointDep177;00:15:00;00:40:00;240;05:20:00;
Dep989;d6 13:33:00;DepSeq2;JointDep177;00:15:00;00:40:00;240;05:20:00;
Dep990;d6 13:36:00;DepSeq1;JointDep178;00:30:00;01:00:00;900;05:00:00;
Dep991;d6 13:36:00;DepSeq1;JointDep178;00:30:00;01:00:00;900;05:00:00;
Dep992;d6 13:40:00;DepSeq1;JointDep179;00:30:00;01:00:00;1880;13:00:00;
Dep993;d6 13:40:00;DepSeq1;JointDep179;00:30:00;01:00:00;1880;13:00:00;
Dep994;d6 13:45:00;DepSeq1;;00:15:00;00:40:00;440;09:40:00;
Dep995;d6 13:57:00;DepSeq1;;00:15:00;00:40:00;470;08:00:00;
Dep996;d6 14:05:00;DepSeq1;;00:15:00;00:40:00;270;05:30:00;
Dep997;d6 14:32:00;DepSeq1;;00:15:00;00:40:00;440;07:40:00;
Dep998;d6 14:33:00;DepSeq2;JointDep180;00:15:00;00:40:00;240;05:20:00;
Dep999;d6 14:33:00;DepSeq2;JointDep180;00:15:00;00:40:00;240;05:20:00;
Dep1000;d6 14:44:00;DepSeq1;JointDep181;00:30:00;01:00:00;2100;14:50:00;
Dep1001;d6 14:44:00;DepSeq1;JointDep181;00:30:00;01:00:00;2100;14:50:00;
Dep1002;d6 14:45:00;DepSeq1;;00:15:00;00:40:00;440;09:40:00;
Dep1003;d6 14:51:00;DepSeq1;;00:30:00;01:00:00;2060;11:30:00;
Dep1004;d6 14:54:00;DepSeq1;;00:15:00;00:40:00;470;08:00:00;
Dep1005;d6 15:01:00;DepSeq1;;00:15:00;00:40:00;470;08:00:00;
Dep1006;d6 15:05:00;DepSeq1;;00:15:00;00:40:00;440;09:40:00;
Dep1007;d6 15:05:00;DepSeq2;JointDep182;00:15:00;00:40:00;240;05:20:00;
Dep1008;d6 15:05:00;DepSeq2;JointDep182;00:15:00;00:40:00;240;05:20:00;
Dep1009;d6 15:14:00;DepSeq1;;00:30:00;01:00:00;2640;19:20:00;
Dep1010;d6 15:16:00;DepSeq1;;00:30:00;01:00:00;2060;11:30:00;
Dep1011;d6 15:36:00;DepSeq1;JointDep183;00:30:00;01:00:00;900;05:00:00;
Dep1012;d6 15:36:00;DepSeq1;JointDep183;00:30:00;01:00:00;900;05:00:00;
Dep1013;d6 15:44:00;DepSeq1;JointDep184;00:30:00;01:00:00;2470;15:10:00;
Dep1014;d6 15:44:00;DepSeq1;JointDep184;00:30:00;01:00:00;2470;15:10:00;
Dep1015;d6 15:48:00;DepSeq1;;00:15:00;00:40:00;240;04:50:00;
Dep1016;d6 16:05:00;DepSeq1;;00:15:00;00:40:00;440;09:40:00;
Dep1017;d6 16:05:00;DepSeq2;JointDep185;00:15:00;00:40:00;240;05:20:00;
Dep1018;d6 16:05:00;DepSeq2;JointDep185;00:15:00;00:40:00;240;05:20:00;
Dep1019;d6 16:06:00;DepSeq1;JointDep186;00:15:00;00:40:00;500;10:40:00;
Dep1020;d6 16:06:00;DepSeq1;JointDep186;00:15:00;00:40:00;500;10:40:00;
Dep1021;d6 16:12:00;DepSeq1;;00:30:00;01:00:00;2060;11:30:00;
Dep1022;d6 16:16:00;DepSeq1;;00:30:00;01:00:00;2360;12:50:00;
Dep1023;d6 16:32:00;DepSeq1;;00:15:00;00:40:00;240;04:50:00;
Dep1024;d6 16:35:00;DepSeq1;JointDep187;00:15:00;00:40:00;480;11:00:00;
Dep1025;d6 16:35:00;DepSeq1;JointDep187;00:15:00;00:40:00;480;11:00:00;
Dep1026;d6 16:35:00;DepSeq2;JointDep188;00:15:00;00:40:00;240;05:20:00;
Dep1027;d6 16:35:00;DepSeq2;JointDep188;00:15:00;00:40:00;240;05:20:00;
Dep1028;d6 17:05:00;DepSeq2;;00:15:00;00:40:00;530;08:40:00;
Dep1029;d6 17:10:00;DepSeq1;;00:15:00;00:40:00;340;07:40:00;
Dep1030;d6 17:30:00;DepSeq1;;00:30:00;01:00:00;2190;15:30:00;
Dep1031;d6 17:31:00;DepSeq1;;00:15:00;00:40:00;470;08:00:00;
Dep1032;d6 17:32:00;DepSeq1;;00:15:00;00:40:00;440;07:40:00;
Dep1033;d6 17:36:00;DepSeq1;;00:30:00;01:00:00;900;07:00:00;
Dep1034;d6 17:36:00;DepSeq1;;00:30:00;01:00:00;2060;11:30:00;
Dep1035;d6 17:40:00;DepSeq2;JointDep189;00:15:00;00:40:00;310;05:20:00;
Dep1036;d6 17:40:00;DepSeq2;JointDep189;00:15:00;00:40:00;310;05:20:00;
Dep1037;d6 17:45:00;DepSeq1;;00:15:00;00:40:00;440;09:40:00;
Dep1038;d6 18:05:00;DepSeq2;JointDep190;00:15:00;00:40:00;240;05:20:00;
Dep1039;d6 18:05:00;DepSeq2;JointDep190;00:15:00;00:40:00;240;05:20:00;
Dep1040;d6 18:08:00;DepSeq1;;00:30:00;01:00:00;900;07:00:00;
Dep1041;d6 18:14:00;DepSeq1;;00:30:00;01:00:00;2120;12:30:00;
Dep1042;d6 18:20:00;DepSeq1;;00:15:00;00:40:00;470;08:00:00;
Dep1043;d6 18:32:00;DepSeq1;;00:15:00;00:40:00;440;07:40:00;
Dep1044;d6 18:35:00;DepSeq2;JointDep191;00:15:00;00:40:00;240;05:20:00;
Dep1045;d6 18:35:00;DepSeq2;JointDep191;00:15:00;00:40:00;240;05:20:00;
Dep1046;d6 18:36:00;DepSeq1;;00:30:00;01:00:00;900;07:00:00;
Dep1047;d6 18:39:00;DepSeq1;;00:30:00;01:00:00;2060;11:30:00;
Dep1048;d6 18:48:00;DepSeq1;;00:15:00;00:40:00;240;04:50:00;
Dep1049;d6 18:49:00;DepSeq1;;00:15:00;00:40:00;470;08:00:00;
Dep1050;d6 18:50:00;DepSeq1;;00:15:00;00:40:00;440;09:40:00;
Dep1051;d6 19:05:00;DepSeq1;;00:15:00;00:40:00;440;09:40:00;
Dep1052;d6 19:32:00;DepSeq1;;00:15:00;00:40:00;440;07:40:00;
Dep1053;d6 19:35:00;DepSeq2;JointDep192;00:15:00;00:40:00;240;05:20:00;
Dep1054;d6 19:35:00;DepSeq2;JointDep192;00:15:00;00:40:00;240;05:20:00;
Dep1055;d6 19:36:00;DepSeq1;JointDep193;00:30:00;01:00:00;900;05:00:00;
Dep1056;d6 19:36:00;DepSeq1;JointDep193;00:30:00;01:00:00;900;05:00:00;
Dep1057;d6 19:43:00;DepSeq1;;00:30:00;01:00:00;2060;11:30:00;
Dep1058;d6 20:05:00;DepSeq2;JointDep194;00:15:00;00:40:00;240;05:20:00;
Dep1059;d6 20:05:00;DepSeq2;JointDep194;00:15:00;00:40:00;240;05:20:00;
Dep1060;d6 20:05:00;DepSeq1;;00:15:00;00:40:00;440;09:40:00;
Dep1061;d6 20:08:00;DepSeq1;;00:30:00;01:00:00;900;07:00:00;
Dep1062;d6 20:35:00;DepSeq2;JointDep195;00:15:00;00:40:00;240;05:20:00;
Dep1063;d6 20:35:00;DepSeq2;JointDep195;00:15:00;00:40:00;240;05:20:00;
Dep1064;d6 20:45:00;DepSeq1;;00:15:00;00:40:00;440;09:40:00;
Dep1065;d6 20:48:00;DepSeq1;;00:15:00;00:40:00;240;04:50:00;
Dep1066;d6 21:05:00;DepSeq2;;00:15:00;00:40:00;530;08:40:00;
Dep1067;d6 21:44:00;DepSeq1;JointDep196;00:30:00;01:00:00;1280;08:20:00;
Dep1068;d6 21:44:00;DepSeq1;JointDep196;00:30:00;01:00:00;1280;08:20:00;
Dep1069;d6 21:44:00;DepSeq2;;00:15:00;00:40:00;530;08:40:00;
Dep1070;d6 21:45:00;DepSeq1;;00:15:00;00:40:00;440;09:40:00;
Dep1071;d6 22:43:00;DepSeq2;JointDep197;00:15:00;00:40:00;240;05:20:00;
Dep1072;d6 22:43:00;DepSeq2;JointDep197;00:15:00;00:40:00;240;05:20:00;
Dep1073;d6 22:45:00;DepSeq1;;00:15:00;00:40:00;440;09:40:00;
Dep1074;d7 00:05:00;DepSeq1;;00:15:00;00:40:00;440;09:40:00;
Dep1075;d7 06:05:00;DepSeq1;;00:15:00;09:05:00;340;07:40:00;
Dep1076;d7 06:10:00;DepSeq1;JointDep198;00:15:00;09:10:00;420;09:50:00;
Dep1077;d7 06:10:00;DepSeq1;JointDep198;00:15:00;09:10:00;420;09:50:00;
Dep1078;d7 06:14:00;DepSeq1;;00:30:00;09:14:00;2060;11:50:00;
Dep1079;d7 06:32:00;DepSeq1;;00:15:00;09:32:00;440;07:40:00;
Dep1080;d7 06:35:00;DepSeq2;JointDep199;00:15:00;09:35:00;240;05:20:00;
Dep1081;d7 06:35:00;DepSeq2;JointDep199;00:15:00;09:35:00;240;05:20:00;
Dep1082;d7 06:44:00;DepSeq1;;00:30:00;09:44:00;1170;06:40:00;
Dep1083;d7 06:48:00;DepSeq1;;00:15:00;09:48:00;240;04:50:00;
Dep1084;d7 07:11:00;DepSeq2;;00:15:00;10:11:00;510;11:10:00;
Dep1085;d7 07:14:00;DepSeq1;;00:30:00;10:14:00;2120;12:30:00;
Dep1086;d7 07:18:00;DepSeq1;;00:15:00;10:18:00;470;11:10:00;
Dep1087;d7 07:35:00;DepSeq2;JointDep200;00:15:00;10:35:00;240;05:20:00;
Dep1088;d7 07:35:00;DepSeq2;JointDep200;00:15:00;10:35:00;240;05:20:00;
Dep1089;d7 07:36:00;DepSeq1;;00:30:00;10:36:00;900;07:00:00;
Dep1090;d7 07:45:00;DepSeq1;JointDep201;00:15:00;10:45:00;330;07:40:00;
Dep1091;d7 07:45:00;DepSeq1;JointDep201;00:15:00;10:45:00;330;07:40:00;
Dep1092;d7 08:14:00;DepSeq1;;00:30:00;01:00:00;2190;11:40:00;
Dep1093;d7 08:33:00;DepSeq1;JointDep202;00:15:00;00:40:00;600;10:50:00;
Dep1094;d7 08:33:00;DepSeq1;JointDep202;00:15:00;00:40:00;600;10:50:00;
Dep1095;d7 08:35:00;DepSeq2;;00:15:00;00:40:00;530;08:40:00;
Dep1096;d7 08:35:00;DepSeq1;;00:15:00;00:40:00;250;05:00:00;
Dep1097;d7 08:36:00;DepSeq1;JointDep203;00:30:00;01:00:00;1880;13:00:00;
Dep1098;d7 08:36:00;DepSeq1;JointDep203;00:30:00;01:00:00;1880;13:00:00;
Dep1099;d7 08:40:00;DepSeq1;;00:15:00;00:40:00;240;04:50:00;
Dep1100;d7 08:44:00;DepSeq1;;00:30:00;01:00:00;1120;07:10:00;
Dep1101;d7 08:45:00;DepSeq1;;00:15:00;00:40:00;440;09:40:00;
Dep1102;d7 09:05:00;DepSeq1;;00:15:00;00:40:00;340;07:40:00;
Dep1103;d7 09:06:00;DepSeq1;;00:15:00;00:40:00;230;04:00:00;
Dep1104;d7 09:14:00;DepSeq1;JointDep204;00:30:00;01:00:00;1060;08:00:00;
Dep1105;d7 09:14:00;DepSeq1;JointDep204;00:30:00;01:00:00;1060;08:00:00;
Dep1106;d7 09:35:00;DepSeq2;JointDep205;00:15:00;00:40:00;240;05:20:00;
Dep1107;d7 09:35:00;DepSeq2;JointDep205;00:15:00;00:40:00;240;05:20:00;
Dep1108;d7 09:38:00;DepSeq1;;00:30:00;01:00:00;900;07:00:00;
Dep1109;d7 10:03:00;DepSeq1;;00:30:00;01:00:00;2060;11:30:00;
Dep1110;d7 10:32:00;DepSeq1;;00:15:00;00:40:00;440;07:40:00;
Dep1111;d7 10:36:00;DepSeq1;;00:30:00;01:00:00;900;07:00:00;
Dep1112;d7 10:37:00;DepSeq1;;00:15:00;00:40:00;470;08:00:00;
Dep1113;d7 10:42:00;DepSeq1;;00:30:00;01:00:00;2640;19:20:00;
Dep1114;d7 10:48:00;DepSeq1;;00:15:00;00:40:00;470;08:00:00;
Dep1115;d7 11:03:00;DepSeq1;;00:15:00;00:40:00;470;08:00:00;
Dep1116;d7 11:05:00;DepSeq1;;00:15:00;00:40:00;340;07:40:00;
Dep1117;d7 11:05:00;DepSeq2;JointDep206;00:15:00;00:40:00;240;05:20:00;
Dep1118;d7 11:05:00;DepSeq2;JointDep206;00:15:00;00:40:00;240;05:20:00;
Dep1119;d7 11:26:00;DepSeq1;;00:15:00;00:40:00;470;08:00:00;
Dep1120;d7 11:34:00;DepSeq1;;00:15:00;00:40:00;470;08:00:00;
Dep1121;d7 11:37:00;DepSeq1;;00:15:00;00:40:00;470;08:00:00;
Dep1122;d7 12:05:00;DepSeq1;;00:15:00;00:40:00;440;09:40:00;
Dep1123;d7 12:09:00;DepSeq1;;00:15:00;00:40:00;470;08:00:00;
Dep1124;d7 12:10:00;DepSeq1;;00:15:00;00:40:00;240;04:50:00;
Dep1125;d7 12:11:00;DepSeq1;;00:30:00;01:00:00;2060;11:30:00;
Dep1126;d7 12:19:00;DepSeq1;;00:15:00;00:40:00;470;08:00:00;
Dep1127;d7 12:35:00;DepSeq2;;00:15:00;00:40:00;530;08:40:00;
Dep1128;d7 12:35:00;DepSeq1;JointDep207;00:15:00;00:40:00;480;11:00:00;
Dep1129;d7 12:35:00;DepSeq1;JointDep207;00:15:00;00:40:00;480;11:00:00;
Dep1130;d7 12:41:00;DepSeq2;JointDep208;00:15:00;00:40:00;310;05:20:00;
Dep1131;d7 12:41:00;DepSeq2;JointDep208;00:15:00;00:40:00;310;05:20:00;
Dep1132;d7 12:44:00;DepSeq1;JointDep209;00:30:00;01:00:00;2100;14:50:00;
Dep1133;d7 12:44:00;DepSeq1;JointDep209;00:30:00;01:00:00;2100;14:50:00;
Dep1134;d7 12:45:00;DepSeq1;;00:15:00;00:40:00;470;08:00:00;
Dep1135;d7 12:48:00;DepSeq1;;00:15:00;00:40:00;240;04:50:00;
Dep1136;d7 13:05:00;DepSeq1;;00:15:00;00:40:00;440;09:40:00;
Dep1137;d7 13:10:00;DepSeq1;;00:30:00;01:00:00;1170;06:40:00;
Dep1138;d7 13:33:00;DepSeq2;JointDep210;00:15:00;00:40:00;240;05:20:00;
Dep1139;d7 13:33:00;DepSeq2;JointDep210;00:15:00;00:40:00;240;05:20:00;
Dep1140;d7 13:36:00;DepSeq1;JointDep211;00:30:00;01:00:00;900;05:00:00;
Dep1141;d7 13:36:00;DepSeq1;JointDep211;00:30:00;01:00:00;900;05:00:00;
Dep1142;d7 13:40:00;DepSeq1;JointDep212;00:30:00;01:00:00;1880;13:00:00;
Dep1143;d7 13:40:00;DepSeq1;JointDep212;00:30:00;01:00:00;1880;13:00:00;
Dep1144;d7 13:45:00;DepSeq1;;00:15:00;00:40:00;440;09:40:00;
Dep1145;d7 13:52:00;DepSeq1;;00:30:00;01:00:00;2060;11:30:00;
Dep1146;d7 14:05:00;DepSeq1;;00:15:00;00:40:00;270;05:30:00;
Dep1147;d7 14:17:00;DepSeq1;;00:15:00;00:40:00;470;08:00:00;
Dep1148;d7 14:32:00;DepSeq1;;00:15:00;00:40:00;440;07:40:00;
Dep1149;d7 14:33:00;DepSeq2;JointDep213;00:15:00;00:40:00;240;05:20:00;
Dep1150;d7 14:33:00;DepSeq2;JointDep213;00:15:00;00:40:00;240;05:20:00;
Dep1151;d7 14:44:00;DepSeq1;JointDep214;00:30:00;01:00:00;2100;14:50:00;
Dep1152;d7 14:44:00;DepSeq1;JointDep214;00:30:00;01:00:00;2100;14:50:00;
Dep1153;d7 14:45:00;DepSeq1;;00:15:00;00:40:00;440;09:40:00;
Dep1154;d7 14:56:00;DepSeq1;;00:15:00;00:40:00;470;08:00:00;
Dep1155;d7 15:05:00;DepSeq2;JointDep215;00:15:00;00:40:00;240;05:20:00;
Dep1156;d7 15:05:00;DepSeq2;JointDep215;00:15:00;00:40:00;240;05:20:00;
Dep1157;d7 15:05:00;DepSeq1;;00:15:00;00:40:00;440;09:40:00;
Dep1158;d7 15:14:00;DepSeq1;;00:30:00;01:00:00;2640;19:20:00;
Dep1159;d7 15:34:00;DepSeq1;;00:30:00;01:00:00;2060;11:30:00;
Dep1160;d7 15:36:00;DepSeq1;JointDep216;00:30:00;01:00:00;900;05:00:00;
Dep1161;d7 15:36:00;DepSeq1;JointDep216;00:30:00;01:00:00;900;05:00:00;
Dep1162;d7 15:44:00;DepSeq1;;00:30:00;01:00:00;1820;10:20:00;
Dep1163;d7 15:48:00;DepSeq1;;00:15:00;00:40:00;240;04:50:00;
Dep1164;d7 16:00:00;DepSeq1;;00:30:00;01:00:00;2060;11:30:00;
Dep1165;d7 16:05:00;DepSeq2;JointDep217;00:15:00;00:40:00;240;05:20:00;
Dep1166;d7 16:05:00;DepSeq2;JointDep217;00:15:00;00:40:00;240;05:20:00;
Dep1167;d7 16:05:00;DepSeq1;;00:15:00;00:40:00;440;09:40:00;
Dep1168;d7 16:06:00;DepSeq1;JointDep218;00:15:00;00:40:00;500;10:40:00;
Dep1169;d7 16:06:00;DepSeq1;JointDep218;00:15:00;00:40:00;500;10:40:00;
Dep1170;d7 16:10:00;DepSeq1;;00:30:00;01:00:00;900;07:00:00;
Dep1171;d7 16:12:00;DepSeq1;;00:30:00;01:00:00;2060;11:30:00;
Dep1172;d7 16:16:00;DepSeq1;;00:30:00;01:00:00;2360;12:50:00;
Dep1173;d7 16:18:00;DepSeq1;;00:15:00;00:40:00;470;08:00:00;
Dep1174;d7 16:27:00;DepSeq1;;00:15:00;00:40:00;470;08:00:00;
Dep1175;d7 16:32:00;DepSeq1;;00:15:00;00:40:00;240;04:50:00;
Dep1176;d7 16:35:00;DepSeq2;JointDep219;00:15:00;00:40:00;240;05:20:00;
Dep1177;d7 16:35:00;DepSeq2;JointDep219;00:15:00;00:40:00;240;05:20:00;
Dep1178;d7 16:35:00;DepSeq1;JointDep220;00:15:00;00:40:00;480;11:00:00;
Dep1179;d7 16:35:00;DepSeq1;JointDep220;00:15:00;00:40:00;480;11:00:00;
Dep1180;d7 16:36:00;DepSeq1;;00:30:00;01:00:00;900;07:00:00;
Dep1181;d7 17:05:00;DepSeq2;;00:15:00;00:40:00;530;08:40:00;
Dep1182;d7 17:10:00;DepSeq1;;00:15:00;00:40:00;340;07:40:00;
Dep1183;d7 17:30:00;DepSeq1;;00:30:00;01:00:00;2190;15:30:00;
Dep1184;d7 17:32:00;DepSeq1;;00:15:00;00:40:00;440;07:40:00;
Dep1185;d7 17:35:00;DepSeq1;JointDep221;00:15:00;00:40:00;340;06:20:00;
Dep1186;d7 17:35:00;DepSeq1;JointDep221;00:15:00;00:40:00;340;06:20:00;
Dep1187;d7 17:36:00;DepSeq1;JointDep222;00:30:00;01:00:00;900;05:00:00;
Dep1188;d7 17:36:00;DepSeq1;JointDep222;00:30:00;01:00:00;900;05:00:00;
Dep1189;d7 17:40:00;DepSeq2;JointDep223;00:15:00;00:40:00;310;05:20:00;
Dep1190;d7 17:40:00;DepSeq2;JointDep223;00:15:00;00:40:00;310;05:20:00;
Dep1191;d7 17:45:00;DepSeq1;;00:15:00;00:40:00;440;09:40:00;
Dep1192;d7 17:51:00;DepSeq1;;00:15:00;00:40:00;470;08:00:00;
Dep1193;d7 18:05:00;DepSeq2;;00:15:00;00:40:00;530;08:40:00;
Dep1194;d7 18:08:00;DepSeq1;JointDep224;00:30:00;01:00:00;900;05:00:00;
Dep1195;d7 18:08:00;DepSeq1;JointDep224;00:30:00;01:00:00;900;05:00:00;
Dep1196;d7 18:14:00;DepSeq1;;00:30:00;01:00:00;2120;12:30:00;
Dep1197;d7 18:32:00;DepSeq1;;00:15:00;00:40:00;440;07:40:00;
Dep1198;d7 18:35:00;DepSeq1;JointDep225;00:15:00;00:40:00;340;06:20:00;
Dep1199;d7 18:35:00;DepSeq1;JointDep225;00:15:00;00:40:00;340;06:20:00;
Dep1200;d7 18:35:00;DepSeq2;JointDep226;00:15:00;00:40:00;240;05:20:00;
Dep1201;d7 18:35:00;DepSeq2;JointDep226;00:15:00;00:40:00;240;05:20:00;
Dep1202;d7 18:36:00;DepSeq1;;00:30:00;01:00:00;900;07:00:00;
Dep1203;d7 18:48:00;DepSeq1;;00:15:00;00:40:00;240;04:50:00;
Dep1204;d7 18:50:00;DepSeq1;JointDep227;00:15:00;00:40:00;330;07:40:00;
Dep1205;d7 18:50:00;DepSeq1;JointDep227;00:15:00;00:40:00;330;07:40:00;
Dep1206;d7 18:51:00;DepSeq1;;00:30:00;01:00:00;2060;11:30:00;
Dep1207;d7 19:04:00;DepSeq1;;00:15:00;00:40:00;240;04:50:00;
Dep1208;d7 19:05:00;DepSeq1;;00:15:00;00:40:00;440;09:40:00;
Dep1209;d7 19:32:00;DepSeq1;;00:15:00;00:40:00;440;07:40:00;
Dep1210;d7 19:35:00;DepSeq2;JointDep228;00:15:00;00:40:00;240;05:20:00;
Dep1211;d7 19:35:00;DepSeq2;JointDep228;00:15:00;00:40:00;240;05:20:00;
Dep1212;d7 19:36:00;DepSeq1;JointDep229;00:30:00;01:00:00;900;05:00:00;
Dep1213;d7 19:36:00;DepSeq1;JointDep229;00:30:00;01:00:00;900;05:00:00;
Dep1214;d7 19:44:00;DepSeq1;;00:30:00;01:00:00;2120;12:30:00;
Dep1215;d7 20:05:00;DepSeq1;;00:15:00;00:40:00;440;09:40:00;
Dep1216;d7 20:05:00;DepSeq2;JointDep230;00:15:00;00:40:00;240;05:20:00;
Dep1217;d7 20:05:00;DepSeq2;JointDep230;00:15:00;00:40:00;240;05:20:00;
Dep1218;d7 20:08:00;DepSeq1;JointDep231;00:30:00;01:00:00;900;05:00:00;
Dep1219;d7 20:08:00;DepSeq1;JointDep231;00:30:00;01:00:00;900;05:00:00;
Dep1220;d7 20:30:00;DepSeq1;JointDep232;00:30:00;01:00:00;900;05:00:00;
Dep1221;d7 20:30:00;DepSeq1;JointDep232;00:30:00;01:00:00;900;05:00:00;
Dep1222;d7 20:35:00;DepSeq2;JointDep233;00:15:00;00:40:00;240;05:20:00;
Dep1223;d7 20:35:00;DepSeq2;JointDep233;00:15:00;00:40:00;240;05:20:00;
Dep1224;d7 20:45:00;DepSeq1;JointDep234;00:15:00;00:40:00;330;07:40:00;
Dep1225;d7 20:45:00;DepSeq1;JointDep234;00:15:00;00:40:00;330;07:40:00;
Dep1226;d7 20:48:00;DepSeq1;JointDep235;00:15:00;00:40:00;420;09:50:00;
Dep1227;d7 20:48:00;DepSeq1;JointDep235;00:15:00;00:40:00;420;09:50:00;
Dep1228;d7 21:05:00;DepSeq2;;00:15:00;00:40:00;530;08:40:00;
Dep1229;d7 21:40:00;DepSeq1;JointDep236;00:30:00;01:00:00;900;05:00:00;
Dep1230;d7 21:40:00;DepSeq1;JointDep236;00:30:00;01:00:00;900;05:00:00;
Dep1231;d7 21:44:00;DepSeq2;;00:15:00;00:40:00;530;08:40:00;
Dep1232;d7 21:45:00;DepSeq1;;00:15:00;00:40:00;440;09:40:00;
Dep1233;d7 22:43:00;DepSeq2;JointDep237;00:15:00;00:40:00;240;05:20:00;
Dep1234;d7 22:43:00;DepSeq2;JointDep237;00:15:00;00:40:00;240;05:20:00;
Dep1235;d7 22:45:00;DepSeq1;;00:15:00;00:40:00;440;09:40:00;
