<?xml version="1.0" encoding="UTF-8"?>
<cache-entry>
	<generated-type-hash class="org.drools.brms.client.rpc.RuleModelData_FieldSerializer" hash="6F7769A20971D6BB24CBA75088CA5B21"/>
	<generated-type-hash class="org.drools.brms.client.rpc.TableDataResult_FieldSerializer" hash="BB564C2A44E90ADE3259AA9B73FBB965"/>
	<generated-type-hash class="org.drools.brms.client.rpc.MetaData_FieldSerializer" hash="7D533697BA028FA3FD88CAB5C5A5554E"/>
	<generated-type-hash class="org.drools.brms.client.modeldriven.brxml.RuleAttribute_FieldSerializer" hash="1812592B0B2B2658FDD5142257E02EF6"/>
	<generated-type-hash class="org.drools.brms.client.modeldriven.brxml.ActionSetField_FieldSerializer" hash="B635919836963C5284747525C205F986"/>
	<generated-type-hash class="org.drools.brms.client.modeldriven.brxml.RuleModel_FieldSerializer" hash="000AFD7BE42B3B3A5BA0FA29E5DECDB1"/>
	<generated-type-hash class="org.drools.brms.client.modeldriven.SuggestionCompletionEngine_FieldSerializer" hash="25F682D2A3B94E5B15AD33C20B2E4E4E"/>
	<generated-type-hash class="com.google.gwt.user.client.rpc.SerializableException_FieldSerializer" hash="1CB9B63ABEC9BE7E663F6C56AA395208"/>
	<generated-type-hash class="org.drools.brms.client.modeldriven.brxml.CompositeFactPattern_FieldSerializer" hash="857123B48A7BCAF89F186BA646A70387"/>
	<generated-type-hash class="org.drools.brms.client.rpc.RuleAsset_FieldSerializer" hash="22062E8B92CA37097FAA1E2970C4E49F"/>
	<generated-type-hash class="org.drools.brms.client.rpc.TableConfig_FieldSerializer" hash="68BF54922D06AC518871EB9FEFD7D68E"/>
	<generated-type-hash class="org.drools.brms.client.modeldriven.brxml.DSLSentence_FieldSerializer" hash="5FB4B5CA3027F421E4441D993672A3CD"/>
	<generated-type-hash class="org.drools.brms.client.modeldriven.brxml.DSLSentenceFragment_FieldSerializer" hash="23294BEA0CD7A5A6A2B87DDD634F38C1"/>
	<generated-type-hash class="org.drools.brms.client.rpc.TableDataRow_FieldSerializer" hash="411D058D97408AAE2C3EBA1620048463"/>
	<generated-type-hash class="org.drools.brms.client.rpc.RepositoryService_Proxy" hash="F441FD6DCF2F733A0601CD6187D4504D"/>
	<generated-type-hash class="org.drools.brms.client.modeldriven.brxml.FactPattern_FieldSerializer" hash="A865220B7F6D7B7F94E8AC1CD4CCA149"/>
	<generated-type-hash class="org.drools.brms.client.rpc.RepositoryService_TypeSerializer" hash="DC6D35D332385A01562A6AA710A418A7"/>
	<generated-type-hash class="org.drools.brms.client.modeldriven.brxml.ActionFieldValue_FieldSerializer" hash="95A26B8F2E8FDF42DD2298FD05C71E23"/>
	<generated-type-hash class="org.drools.brms.client.modeldriven.brxml.ActionAssertFact_FieldSerializer" hash="C143DB11F2243401F664DE7E448107D4"/>
	<generated-type-hash class="org.drools.brms.client.modeldriven.brxml.ConnectiveConstraint_FieldSerializer" hash="4F519951EEB3E87BE99778D3EBA96BBD"/>
	<generated-type-hash class="org.drools.brms.client.modeldriven.brxml.ActionFieldList_FieldSerializer" hash="ED2F905E710C520DCF066315B4AF1FBE"/>
	<generated-type-hash class="org.drools.brms.client.rpc.RuleContentText_FieldSerializer" hash="9F5834F874613140D0BDEC4056C49928"/>
	<generated-type-hash class="org.drools.brms.client.modeldriven.brxml.Constraint_FieldSerializer" hash="2F3D86F3C3BB7C97210CD7FE5C402362"/>
	<generated-type-hash class="org.drools.brms.client.modeldriven.brxml.ActionRetractFact_FieldSerializer" hash="F0A601A2F025A2AB75B49002CB6E201A"/>
	<rebind-decision in="com.google.gwt.user.client.ui.impl.TextBoxImpl" out="com.google.gwt.user.client.ui.impl.TextBoxImpl"/>
	<rebind-decision in="com.google.gwt.user.client.ui.impl.FocusImpl" out="com.google.gwt.user.client.ui.impl.FocusImplOld"/>
	<rebind-decision in="org.drools.brms.client.JBRMSEntryPoint" out="org.drools.brms.client.JBRMSEntryPoint"/>
	<rebind-decision in="org.drools.brms.client.rpc.RepositoryService" out="org.drools.brms.client.rpc.RepositoryService_Proxy"/>
	<rebind-decision in="com.google.gwt.user.client.ui.impl.FormPanelImpl" out="com.google.gwt.user.client.ui.impl.FormPanelImplOpera"/>
	<rebind-decision in="com.google.gwt.user.client.impl.HistoryImpl" out="com.google.gwt.user.client.impl.HistoryImplStandard"/>
	<rebind-decision in="com.google.gwt.user.client.impl.HTTPRequestImpl" out="com.google.gwt.user.client.impl.HTTPRequestImpl"/>
	<rebind-decision in="com.google.gwt.user.client.impl.DOMImpl" out="com.google.gwt.user.client.impl.DOMImplOpera"/>
	<rebind-decision in="com.google.gwt.user.client.ui.impl.PopupImpl" out="com.google.gwt.user.client.ui.impl.PopupImpl"/>
</cache-entry>